codigo,nombre,categoria,departamento,municipio,corriente,lag,lam,las,lac,log,lom,los,loc,altitud,enepreci30a,febpreci30a,marpreci30a,abrpreci30a,maypreci30a,junpreci30a,julpreci30a,agopreci30a,seppreci30a,octpreci30a,novpreci30a,dicpreci30a,totalpreci30a,enetemp30a,febtemp30a,martemp30a,abrtemp30a,maytemp30a,juntemp30a,jultemp30a,agotemp30a,septemp30a,octtemp30a,novtemp30a,dictemp30a,protemp30a
22075030,Riomanso,CO,Tolima,Rovira,Manso,4,12,5.8,N,75,17,4.1,W,2020,97.2,125.1,165.7,215.1,213.2,146.9,115.6,107.1,151.9,185.7,179.6,125.1,1822.2,16.7,16.9,17,17.2,17.2,17,16.8,17.1,17.2,17,16.8,16.8,17
27015150,Progreso El Hda,CO,Antioquia,Barbosa,Medellin,6,24,50,N,75,23,48,W,1500,57.5,80.1,113.2,188.6,246.8,199.1,207.6,202.3,234.2,235.4,155,83.3,2003,21.9,22.2,22.3,22.1,22.1,22.2,22.1,22.2,22,21.7,21.7,21.7,22
21206260,C.Univ.Agrop-Udca,CO,Bogota DC,Bogota DC,BOGOTA,4,47,55.1,N,74,2,59,W,2570,33.3,51.3,73.3,83.7,96.9,58,54.1,48.3,53.1,101,95.3,53.9,768.9,13.8,13.9,14,14,14.1,14,13.8,13.8,13.7,13.8,13.8,13.9,13.9
35095030,Tunel El,CO,Boyaca,Cuitiva,Lag de Tota,5,34,19.6,N,72,56,38.2,W,3000,17.1,30.4,57.2,95.7,87.8,70.1,77.9,58.8,62.5,87.2,81.4,23.9,749.9,11.6,11.7,11.8,11.8,11.8,11.4,10.9,10.9,11.2,11.4,11.6,11.8,11.5
28035010,Villa Rosa,CO,Cesar,Valledupar,Diluvio,10,11,34,N,73,32,50,W,70,18,10.2,69.3,137.3,167,137.3,105.5,154.9,183.8,193.1,132.4,38.2,1344.1,29.4,30.2,30.3,29.6,29,28.8,29.2,29,28,27.7,27.8,28.3,28.9
13055030,Galan,CO,Cordoba,Monteria,Sinu,8,39,33,N,75,58,21,W,30,18,14.5,37.8,101.7,174.6,153.3,154.8,173.8,169.8,140.5,91.6,32.4,1225.3,27,27.2,27.5,27.6,27.4,27.5,27.4,27.4,27.1,27,27,27,27.2
25025090,Apto Las Flores,SP,Magdalena,El Banco,Magdalena,9,2,46.8,N,73,58,15,W,34,36.9,38.9,78.6,170.5,234,199.7,147.7,221,294.7,329.1,237.7,87,2075.8,28.5,28.9,29.3,28.9,28.5,28.5,28.6,28.7,28.1,27.9,27.9,28.1,28.5
16025060,Francisco Romero,CO,Norte de Santander,Salazar,Salazar,7,46,0,N,72,48,0,W,1000,130.7,124.2,130.8,261.3,271.2,65.1,71,151.7,301.3,463.8,342.1,248.6,2561.6,21.1,21.4,21.8,22.3,22.6,22.5,22.3,22.7,22.7,22.1,21.8,21.1,22
54025010,San Jose Palmar,CO,Choco,San Jose del Palmar,Ingara,4,53,54.5,N,76,13,55,W,1115,297,275.4,291,325.5,354.4,254.8,232.8,255.2,292.8,451,505.1,390.2,3925.3,20.6,20.8,21,21.2,21.3,21.2,21.1,21.1,20.8,20.6,20.6,20.6,20.9
21206300,Dona Juana,CP,Bogota DC,Bogota DC,TUNJUELO,4,30,0,N,74,10,0,W,2700,24.1,33.9,55.8,69.3,79.4,54.3,46.4,41.2,35.7,65.7,67.4,37.4,603.7,10.5,10.2,10.1,10.1,9.5,9.7,7.5,9.7,9.9,9.9,9.1,8.8,9.3
21145060,Sto Domingo,CO,Huila,Baraya,CABRERA,3,13,50.6,N,74,56,36.4,W,1275,50.9,51.3,115.7,93.4,102.2,59.6,49.3,37.4,51.5,116.6,117.8,69.6,904.5,23.3,23.3,23,23,23,23,22.8,23.3,23.5,23.1,22.6,22.7,23
21015020,Sevilla,CO,Huila,Pitalito,Guarapas,1,49,18.1,N,76,7,29.4,W,1320,61.7,83.9,107.3,135.9,138.4,133.5,123.9,98.6,77,99.6,95.8,80.7,1223,21,21.1,20.8,20.7,20.5,19.9,19.4,19.5,20.1,20.5,20.6,20.8,20.4
28035020,Callao El,CO,Cesar,Valledupar,Azucarabuena,10,21,47,N,73,19,10,W,110,9.7,13.1,36.2,114.4,175.3,119.6,87.9,126.2,159.1,194.5,117.4,40.4,1193.8,28.5,29.4,29.7,29.1,28.2,28.2,28.7,28.5,27.5,27.1,27.4,27.6,28.3
35225020,Modulos,CO,Casanare,Orocue,Cno San Miguel,4,54,37.7,N,71,25,59,W,130,16.4,38.2,81.9,228,322.7,385.1,309.1,281.5,225.8,217.9,158.5,39.7,2304.8,27.4,28.2,28.2,26.9,26.2,25.6,25.5,25.9,26.5,26.7,26.9,27,26.7
26065020,Miranda,CO,Cauca,Miranda,Desbaratado,3,14,44,N,76,13,23.2,W,1128,118.8,118,155.5,203,120.4,73.6,55.6,45.1,117.6,221.9,213.8,123.1,1554.3,23.5,23.6,23.6,23.5,23.4,23.5,23.6,23.9,23.6,23.2,23.1,23.3,23.5
24015090,Inst Agr Sta Sofia,CO,Boyaca,Santa Sofia,SUAREZ,5,42,38.4,N,73,36,8.2,W,2300,49.5,74.2,109.5,146.5,120.9,69,60.8,55.7,86.7,155.4,136.1,81.2,1136.3,16.1,16.3,16.3,16.4,16.4,16.2,15.9,16.1,16.1,16,15.9,15.9,16.1
21135050,Julia La,CO,Huila,Neiva,CHIQUILA,3,5,55.6,N,75,31,48.1,W,1691,165,170.7,212.6,190.9,139,65.7,63.7,48.8,92.2,220.8,229.1,168.7,1747.5,18.6,18.7,18.6,18.8,18.9,19,18.7,19,19.1,18.7,18.4,18.5,18.7
25025240,Majagual,CP,Sucre,Majagual,Cno Mojana,8,32,47,N,74,38,25,W,20,17.6,24.6,51.1,162.3,317.4,310.2,349.3,393.3,275.1,383.1,297.1,114.7,2695.8,29.1,29.1,29.5,29.3,29.1,29.2,29.1,29,28.9,28.6,28.9,28.9,29.1
47015100,Encano El,CP,Narino,Pasto,Guamues,1,9,35.8,N,77,9,41.3,W,2830,85.5,89.3,104.2,142.1,149,145.6,136.3,104.2,82.9,100.5,111,98.1,1339.5,12,12,12,12.1,11.9,11.3,10.6,10.5,11.1,11.8,12.2,12.3,11.6
16055040,Abrego Centro Admo,CP,Norte de Santander,Abrego,Algodonal,8,5,14,N,73,13,23,W,1430,9.5,19.1,28.9,110.7,170.1,96,87.4,144.7,210.1,165.8,76.9,23.6,1142.8,20.1,20.5,21,21.2,21.3,21.3,21.3,21.3,21,20.9,20.7,20.3,20.9
26135040,Apto Matecana,SP,Risaralda,Pereira,Otun,4,48,57.1,N,75,44,1.9,W,1342,132.7,132.6,220.2,249.3,257.4,196.1,133.5,129,195.9,290.5,287.9,199.4,2424.4,21.8,22,21.9,21.5,21.4,21.5,21.7,22,21.5,20.9,20.9,21.4,21.5
47015080,Monopamba,CO,Narino,Puerres,Sucio,0,48,17.7,N,77,18,13,W,1776,200.9,189,199.6,269.5,342.6,417.6,428,363.1,245.5,179.1,153.9,192.6,3168,16.9,17,17.1,17.1,16.8,16.1,15.6,15.9,16.5,17.1,17.3,17.2,16.7
21255090,Armero Gja,CP,Tolima,Armero,SABANDIJA,5,0,9.7,N,74,54,37.8,W,300,77.8,104.3,139.1,226.5,219.8,105.2,89.2,123.3,178,235.6,187.9,108.9,1788.3,28.3,28.4,28,27.7,27.8,28,28.7,29.2,28.7,27.9,27.6,27.9,28.2
13085020,Lorica,CO,Cordoba,Lorica,Sinu,9,15,9.8,N,75,50,39.9,W,30,11.5,13.4,24.3,93.9,151.8,145.4,144.7,173.5,177.6,152,126.6,38.7,1253.3,27.3,27.5,27.8,28,27.7,27.6,27.6,27.5,27.2,27,27.1,27.3,27.5
26175070,Rafael Escobar,CO,Caldas,Supia,Supia,5,28,0,N,75,39,0,W,1320,128.2,110.3,158.7,196.3,209.8,120.1,113.2,125.1,202.5,246.4,240.8,155.4,2006.6,22.2,22.6,22.7,22.2,21.9,22.1,22.2,22.4,21.8,21.3,21.3,21.8,22.1
29065020,Padelma,CO,Magdalena,Zona Bananera,Tucurinca,10,43,16,N,74,11,59,W,20,2.5,2.6,10.3,56,149.9,147.1,118.4,154.7,183.3,247.9,122.5,35,1221.3,27.3,27.8,28.3,28.4,28.1,28.1,28.1,27.7,27.5,27.2,27.3,27.3,27.8
15085020,Nazareth,CP,La Guajira,Uribia,Ay Sharimahana,12,10,44,N,71,17,2,W,85,20.7,11.3,10.5,23.7,44.3,14.2,6.5,17.8,46,154.5,153.5,70.6,573.6,25.7,25.8,26.3,26.9,27.5,27.9,27.8,28.3,28.4,27.8,27.1,26.1,27.1
44115020,Tagua La,AM,Putumayo,Puerto Leguizamo,Caqueta,0,3,38.7,S,74,39,54.8,W,153,106,179.2,243.2,272,317.7,323.8,271.6,224,210,222.3,203.6,132,2693.4,26.8,26.6,26,25.6,25.1,24.7,24.6,25.3,25.7,26,26.2,26.6,25.7
23085030,Alejandria,CO,Antioquia,Alejandria,NARE,6,22,34.6,N,75,8,36.2,W,1660,178.6,193,302.1,439.6,505.6,433.3,400.4,447.7,568.9,545.6,348.6,216,4579.2,19.4,19.3,19.3,19.5,19.6,19.5,19.6,19.6,19.5,19.4,19.3,19.3,19.4
24015210,Sutatausa,CO,Cundinamarca,Sutatausa,Suarez,5,15,0,N,73,51,0,W,2700,29.5,55.5,85.2,92.3,72.1,38.7,29.6,29.8,54.2,89.5,71.5,41.5,689.4,13.5,13.7,13.8,14,13.8,13.3,13.3,13.4,13.6,13.9,13.7,13.6,13.6
26175030,Nacional Gja La,CP,Antioquia,Tamesis,Cartama,5,43,12.6,N,75,41,39.4,W,1151,85.9,102.6,148.4,230.5,291.3,204.4,192.3,202.3,278.5,306.5,246.9,161.5,2451,22.7,23.4,23.4,22.9,22.5,22.5,22.7,23,22.4,21.8,22,22.1,22.6
32105070,San Jose Guaviare,CO,Guaviare,San Jose del Guaviare,GUAVIARE,2,33,10.9,N,72,38,49.5,W,165,44.6,94,153.2,319.7,353.6,355,334.9,273.1,237.1,235.4,225,99.9,2725.6,26.3,26.7,26.4,25.9,25.4,24.7,24.6,25.1,25.5,25.7,25.8,26.1,25.7
26025070,Gabriel Lopez,CO,Cauca,Totoro,Palace,2,30,35.2,N,76,17,20.6,W,3000,65.8,64.7,85.1,96.9,105.6,89.2,116.4,79.9,72,101,105.5,68.2,1048.3,10.5,10.5,10.6,10.7,10.6,10.2,9.8,10,10.4,10.6,10.6,10.5,10.4
21055020,Esc Agr La Plata,CP,Huila,La Plata,La Plata,2,22,41.8,N,75,53,28.5,W,1070,144.3,149.8,169.4,168.8,139.8,84.7,67.9,46,71.4,155.4,164.5,151.2,1513.2,22.1,22.6,22.4,22.3,22.3,21.8,21.7,22.2,22.8,22.5,22.2,22.1,22.2
16015090,Tama Parque Nal,CP,Norte de Santander,Herran,TACHIRA,7,25,28,N,72,26,31.6,W,2500,36.3,52.8,63.5,133.5,169.2,195.9,199.3,186.4,194.9,194.1,127.9,76,1593,13.1,13.3,13.8,14.2,14.2,13.8,13.5,13.8,13.9,13.8,13.8,13.5,13.7
54035020,Argelia El Recreo,CO,Valle del Cauca,Argelia,Las Vueltas,4,44,0,N,76,7,0,W,1600,79.8,80.3,112.9,170.1,167.7,106.5,94.9,86.4,126.5,184,148.2,91.8,1438.7,20.6,20.7,20.6,20.5,20.5,20.6,20.4,20.6,20.5,20.1,20.3,20.4,20.4
15015100,Parque Tayrona,CO,Magdalena,Santa Marta,Mar Caribe,11,17,30,N,73,54,37,W,30,33.8,32.7,29.3,105.6,138.2,70.4,70.3,106.3,175,266.3,211.9,154.2,1248.4,25.1,25.4,25.7,26.4,26.9,27.2,27,27.1,27,26.6,26.5,25.6,26.4
27015110,Aragon,CO,Antioquia,Santa Rosa de Osos,Grande,6,32,2.4,N,75,49,37.2,W,2600,54.9,86.6,132.2,193.4,246.6,165.8,168,157.1,197.9,234.5,188.6,107.3,1932.9,13,13.1,13.2,13.5,13.8,13.7,13.5,13.5,13.4,13.2,13.1,13.1,13.3
47045010,Pto Leguizamo,CO,Putumayo,Puerto Leguizamo,Putumayo,0,10,50.2,N,74,46,34.6,W,147,115,197.6,237.5,306.3,330,385.9,297.6,234.7,249.5,235.2,222.5,134.4,2923.4,26.7,26.3,25.9,25.5,25.2,24.6,24.4,25.1,25.5,25.8,26.2,26.3,25.6
21115020,Apto Benito Salas,SS,Huila,Neiva,Las Ceibas,2,56,55.5,N,75,17,35,W,439,100.4,123.6,162.5,149.5,94.9,34.8,31.3,19.9,60.5,204.2,232.3,165.9,1379.8,27.9,28.1,27.7,27.3,27.5,27.8,28.1,28.9,29.1,27.8,26.9,27.1,27.8
35195030,Aguazul,CO,Casanare,Aguazul,Unete,5,10,45.6,N,72,33,3.2,W,380,12.6,62.7,102.1,279,414.2,414.3,365.7,317.2,315.5,274.7,144.1,36.8,2738.9,27.9,28.1,28,26.8,26.1,25.6,25.4,25.7,26.2,26.4,26.8,27.2,26.7
53115030,Julio Fernandez,CO,Valle del Cauca,Restrepo,Grande,3,49,0,N,76,31,0,W,1360,49.4,67.6,76.4,130.3,128.1,84.7,59.5,65.6,106.5,145.2,108.5,66,1087.8,20,20.2,20.3,20.3,20.2,20.2,19.9,20.1,19.9,19.6,19.7,19.8,20
16015060,Blonay,CO,Norte de Santander,Chinacota,Tachira,7,35,0,N,72,36,0,W,1235,44.4,57.6,57.7,161.3,136.9,75.9,61.7,86.3,146.4,245.4,190.9,100.2,1364.6,19.6,20,20.4,20.8,21,20.5,20.2,20.7,20.7,20.6,20.2,19.4,20.3
15065010,Apto A.Padilla,SP,La Guajira,Riohacha,Ay Zongo,11,31,41.6,N,72,55,3.7,W,4,3.7,1.6,5.5,31.3,75.9,51.2,16.8,50,142.6,148.8,75.6,31,634.1,27.1,27.2,27.4,28,28.8,29.7,29.9,29.5,28.5,28,27.7,27.3,28.3
35125010,Margaritas Las Hda,CO,Meta,Puerto Lopez,Yucao,4,20,26,N,72,9,22.9,W,150,13.8,37.9,92.4,230.8,313.9,330.4,291.9,257.2,230.2,232.7,140.7,25.6,2197.7,27.8,28,27.9,26.9,26.3,25.5,25.4,25.7,26.3,26.5,26.6,26.9,26.6
24035020,Beteitiva,CO,Boyaca,Beteitiva,CHICAMOCHA,5,54,26.2,N,72,48,38.2,W,2575,34.5,43.9,72,91,82.6,52.3,52.4,52.6,70.3,85.9,93.5,50.6,748.9,15.2,15.5,15.4,15.6,15.5,15.2,14.8,14.9,14.8,15.1,15.2,15.3,15.2
54075040,Mision La,CO,Valle del Cauca,Buenaventura,San Juan,4,13,21.1,N,77,16,34.7,W,5,418.1,272.5,337.3,458,642.6,612.6,690,760.8,819.6,790,728.5,675.8,7205.9,25.6,26,26.1,26.1,26.1,25.8,25.8,25.7,25.5,25.3,25.2,25.3,25.7
35065010,Gacheta,CO,Cundinamarca,Gacheta,Gacheta,4,49,49.4,N,73,38,47.3,W,1752,28.6,48.4,73.6,134.9,165.9,154,152.2,117.4,95.3,113.9,97.6,45.1,1227,19.1,19.5,19.6,19.5,19.3,18.7,18.2,18.5,18.8,19.3,19.3,19.1,19.1
54015010,Pueblo Rico,CO,Risaralda,Pueblo Rico,Tatama,5,14,1.6,N,76,1,52.1,W,1530,134.3,122.8,146,217.8,205.9,194.7,170.7,160.7,190.9,257.9,298.4,184.3,2284.2,18.3,18.3,18.5,18.7,18.8,18.7,18.6,18.5,18.5,18.3,18.1,18.2,18.4
35075010,Nuevo Colon,AM,Boyaca,Nuevo Colon,Turmeque,5,21,13.7,N,73,27,23.4,W,2438,16.1,28.6,54.1,84,108.7,115.3,124.3,102.8,76.1,96.3,71.6,31,908.7,14.7,14.8,15.1,15,14.6,13.9,13.3,13.4,13.9,14.4,14.7,14.6,14.4
21135020,Jabalcon,CO,Tolima,Saldana,Chenche,3,51,20.8,N,75,0,56.6,W,425,94,115.5,150.4,209.2,167.2,58.6,49.1,47.1,116.7,198,178.2,131.4,1515.5,28,28,27.9,27.6,27.7,27.8,28.3,29.1,28.6,27.7,27.4,27.5,28
35035020,Apto Vanguardia,SP,Meta,Villavicencio,Guatiquia,4,9,48.4,N,73,37,13.8,W,423,63,132.2,230.4,520.2,673.8,541.6,460.6,399.6,406.8,498.9,424.5,186.3,4537.8,26.7,27.2,26.8,25.7,25.2,24.5,24.2,24.9,25.5,25.6,25.6,25.9,25.6
11075020,Urrao,CO,Antioquia,Urrao,Penderisco,6,19,29.8,N,76,8,23.5,W,1850,51.6,59.5,84,151.4,196.6,180.4,161.7,144.4,182.5,200,149.5,92.5,1654.2,17.3,17.4,17.6,17.6,17.6,17.6,17.5,17.5,17.2,17,17.1,17.2,17.4
35075020,Sutatenza,CP,Boyaca,Sutatenza,Garagoa,5,1,20.2,N,73,26,57,W,1930,18.9,31.3,53.5,119.3,177.2,184.5,171.9,148.2,107,98.3,68.7,24.8,1203.5,18.2,18.3,18.4,18.2,17.9,17.2,16.9,17,17.6,18,18.2,18.3,17.8
25025190,Planeta Rica,CO,Cordoba,Planeta Rica,Ay El Desorden,8,23,57.6,N,75,35,1.4,W,90,13.3,17.5,49,132.5,208.9,213.8,205.2,241.4,192.6,165.4,100.2,45.4,1531.8,27.8,28,28.3,28.2,27.7,27.7,27.6,27.5,27.3,27.2,27.2,27.5,27.6
29015030,Guamo El,CO,Bolivar,El Guamo,Ay Guamo,10,2,14,N,74,58,23.6,W,75,16.7,24.7,51.7,115,144.8,124,115,145.5,159.2,176.7,97.2,45.2,1215.1,28.1,28.6,28.9,28.8,28.2,28.1,28.2,28.1,27.7,27.1,27.3,27.6,28.1
11085010,Loma La,AM,Choco,Bojaya,Bojaya,6,32,0,N,76,59,0,W,20,336.9,291.7,233.9,441.9,435.6,413.9,435.4,416.1,324.8,382.5,412.3,347.2,4398.5,26.7,26.8,27,27.1,26.6,26.8,26.5,26.7,26.1,26,26.2,26.5,26.6
25025180,San Benito Abad,CO,Sucre,San Benito Abad,Cga de Machado,8,56,7,N,75,2,11,W,20,13.5,14.7,30.3,114.7,191.8,227.2,241.7,252.3,256.7,216,147.1,50.7,1718.4,28,28.4,28.7,28.6,28.3,28.2,28.2,28.1,27.9,27.8,27.9,27.9,28.2
26185020,Mesopotamia,CO,Antioquia,La Union,Buey,5,53,10.9,N,75,19,7.1,W,2314,160.3,209.3,258.3,319.3,392.4,356.6,357.2,334.3,394.9,307,226.9,189.7,3506.2,14.5,14.8,14.9,15.2,15.3,15.2,14.9,15,14.9,14.7,14.6,14.6,14.9
33055010,Cumaribo,CO,Vichada,Cumaribo,VICHADA,4,29,41,N,69,48,12,W,125,38.2,69.9,129.6,278.4,339.4,411.3,403.6,297.5,277.1,302.7,241,132.2,2786,27.2,27.6,27.3,26.4,25.7,25.2,25,25.3,25.9,26.1,26.4,26.8,26.2
23195110,Llano Grande,CO,Santander,Giron,De Oro,7,1,32,N,73,10,2,W,777,38.5,70.8,105.5,95,102.1,71.7,71.3,75.7,90.7,119.6,82.6,25.1,936.3,25.2,25.4,25.5,25.3,25.3,25.2,25.2,25.3,25.2,25.1,25,25.1,25.2
21205160,Ramada La,CO,Cundinamarca,Funza,Bogota,4,43,0,N,74,11,0,W,2545,26.6,36.9,56.3,96.3,89.4,54.8,42.7,41,56.4,98.8,86.9,47.2,733.4,14.1,14.1,14.6,14.9,14.9,14.5,14,14,14.2,14.5,14.7,14.4,14.4
23155030,Apto Yariguies,SP,Santander,Barrancabermeja,Magdalena,7,1,35,N,73,48,31,W,126,51.1,124.8,183.1,299.9,373.7,268.1,229.6,288.5,338.4,408.4,303.1,132,3000.7,28.4,28.7,28.4,27.9,27.7,27.8,28,27.9,27.5,27,27.1,27.7,27.9
52055010,Apto San Luis,SP,Narino,Aldana,Guaitara,0,51,25.5,N,77,40,39.9,W,2961,73.9,71.7,95.2,102.1,82.5,51.4,40.5,31.7,42.6,84.9,100.9,97.2,874.6,11.2,11.3,11.4,11.4,11.3,10.6,10,10,10.5,11.1,11.4,11.3,11
53045010,Bonanza,CP,Cauca,Guapi,Guapi,2,34,0,N,77,53,0,W,10,400.8,324.6,322.8,436.3,613.9,505.2,400.9,350.4,431.3,422.1,345.6,377.6,4917.9,25.7,26,26.2,26.3,26.1,26,26,26.1,25.8,25.8,25.7,25.7,26
23085080,Nus Gja Exp El,CP,Antioquia,San Roque,Nus,6,29,9,N,74,50,12,W,835,46.5,91.6,120.2,233.6,268.9,209.7,213.7,222.3,291.5,274.4,175.4,85.5,2233.3,23.3,23.8,23.8,23.8,23.7,23.7,23.7,23.8,23.6,23.2,23.1,23.2,23.5
23195130,Apto Palonegro,SP,Santander,Lebrija,De Oro,7,7,17.3,N,73,11,4.3,W,1189,59.8,89.1,121.9,125,121.4,75.7,84.5,79.2,100.8,149,122.9,60.1,1189.4,21.3,21.7,21.7,21.6,21.6,21.5,21.5,21.6,21.4,21,20.9,21,21.4
35025070,Taques Los,CO,Bogota DC,Bogota DC,SANTA ROSA,4,11,48,N,74,11,27.4,W,3150,32.1,51.8,91.4,132.8,180.5,184,179.5,135.6,97.8,105.6,85.4,45,1291.8,9.3,9.3,9.5,9.4,9.5,9.1,8.6,8.6,9,9.3,9.7,9.5,9.2
21015030,Parque Arqueologic,CP,Huila,San Agustin,Naranjo,1,53,18.5,N,76,17,41.9,W,1800,88,101.6,127.9,157,147.7,154.6,137.9,103.8,92.7,119.3,141,117.2,1488.8,18.7,18.8,18.7,18.6,18.3,17.6,17,17.2,17.9,18.4,18.5,18.5,18.2
52055060,Tanama,CO,Narino,Samaniego,Pacual,1,22,24.8,N,77,34,59.2,W,1500,113.1,88.7,130.1,154,129.5,65.5,36.5,32.6,76,182.4,169.7,149.4,1327.3,19.5,19.7,19.8,19.8,19.9,19.9,20,20.2,20,19.8,19.5,19.5,19.8
52045040,Taminango,CO,Narino,Taminango,Juanambu,1,32,57,N,77,16,3,W,1875,138.2,126.6,167.1,210.8,168.1,77.9,55.8,43,92.9,217.6,237.4,180.2,1715.6,17.3,17.5,17.7,17.7,17.9,18.1,18.4,18.8,18.1,17.5,17.1,17.1,17.8
24035130,U P T C,CP,Boyaca,Tunja,Chulo,5,33,12.8,N,73,21,19,W,2690,18.1,27.4,53.5,81.3,85.2,55,49.1,40.2,50,86,73.9,32.8,652.5,13.3,13.6,13.9,13.8,13.5,12.7,12.2,12.3,12.7,13.2,13.4,13.2,13.1
37015010,Silos,CO,Norte de Santander,Silos,Caraba,7,12,27,N,72,45,12,W,2765,16.1,24.7,45.7,87.8,107.8,94.1,90.2,89.7,99.2,107.4,60.9,30.8,845,11.9,12.2,12.5,12.5,12.5,12,11.8,12,12.2,12.3,12.3,11.9,12.2
21206230,Vegas Las Hda,CO,Bogota DC,Bogota DC,BOGOTA,4,39,42,N,74,9,5.11,W,2543,25.9,37.8,64.7,80,81.8,53.4,32.3,30.6,49.8,73.4,74.4,41.8,630.5,13.1,13.5,13.7,13.9,14,13.8,13.5,13.5,13.5,13.7,13.6,13.4,13.6
12015060,Tulenapa,CO,Antioquia,Carepa,Chigorodo,7,46,26.3,N,76,39,27,W,30,92.7,76.5,98.8,248.1,320.9,316.3,284,277.5,319.2,319.7,307.1,214,2872,26.7,26.8,27,27.2,27,26.9,26.7,26.8,26.7,26.6,26.5,26.6,26.8
37015020,Berlin Automatica,CP,Santander,Tona,Jordan,7,11,13,N,72,52,7,W,3214,14,23.9,36.4,81.5,92.3,59,55.7,68,94.1,99.7,54,19.6,698.2,8.5,8.7,9,9.3,9.2,8.8,8.4,8.7,8.9,9,9,8.7,8.8
47015090,Primavera La,CO,Putumayo,Sibundoy,Putumayo,1,10,5.9,N,76,55,57.7,W,2067,88,108.4,129.3,169.5,197.3,212.9,204.3,145.6,121,116.2,101.3,99.9,1635.5,15.8,15.8,15.8,15.7,15.8,15.1,14.7,14.6,15,15.7,16.2,16.1,15.5
29035110,San Pablo,CO,Bolivar,Maria La Baja,Ay Hondo,10,2,35.4,N,75,15,31,W,20,18.6,23.4,49,124.8,190.6,183.8,184,230.3,215.5,237.8,173.9,93.5,1725.4,27.3,27.9,28.2,28.2,27.8,27.9,27.8,27.8,27.4,27,27.1,27.1,27.6
52055030,Bombona,CO,Narino,Consaca,Guaitara,1,11,3.7,N,77,27,54.4,W,1493,101.7,92.7,102.5,126.8,90.3,46.4,28.8,22.8,51.6,121.6,139.2,141.1,1065.4,19.4,19.6,19.8,19.7,19.8,20,20.5,20.8,20.4,19.8,19.4,19.3,19.9
11135010,Sautata,CO,Choco,Riosucio,Atrato,7,51,0,N,77,7,0,W,2,56.6,44.3,50.8,139.4,209.7,256.2,238.3,238.3,239.9,235.9,216.9,131.8,2058.2,26.8,27,27.2,27.4,27.4,27.3,27.2,27.2,26.9,26.8,26.7,26.6,27.1
35235010,Cardon El,CO,Boyaca,Socota,Q Gavilan,6,0,42,N,72,31,45.4,W,3590,33.3,60.6,89,207.7,301.1,379.7,446,367.7,251.8,196.8,114.9,61,2509.5,6.6,6.5,6.6,6.6,6.5,5.9,5.4,5.4,5.7,6.2,6.6,6.6,6.2
51035020,Cccp Dl Pacifico,CP,Narino,San Andres de Tumaco,PACIFICO,1,49,9,N,78,43,48,W,1,341.8,276.8,286.9,330.8,360.1,217.8,166.4,97.1,125.5,113.9,136.2,205.1,2610.6,25.8,26.1,26.3,26.5,26.4,26.1,25.9,25.9,25.8,25.8,25.6,25.7,26
16025040,Cinera-Villa Olga,CP,Norte de Santander,Cucuta,Q La Floresta,8,10,4,N,72,28,7,W,100,165.9,130.1,148.6,248.2,202.4,90.6,131.2,143.3,221.6,339.9,290.6,249.2,2356.1,26.5,26.9,27.3,27.6,28.3,28.3,28.3,28.5,28.4,27.9,27.3,26.6,27.6
21205770,Base Aerea Madrid,CO,Cundinamarca,Madrid,Bogota,4,43,43.7,N,74,16,21,W,2550,14.1,29.3,41.8,73.9,72.2,49.7,38.8,36.3,42.7,74.2,64.5,30,567.5,13.5,13.6,13.8,14,14.1,13.9,13.8,13.8,13.8,13.8,13.8,13.6,13.8
26125130,Cumbarco,CO,Valle del Cauca,Sevilla,La Vieja,4,11,6.1,N,75,49,56.5,W,1692,158.2,152.7,228.9,277.5,251.3,143.4,102.6,94.9,190.8,335.5,279,208.4,2423.2,18.9,19,18.8,18.8,18.8,19,19.2,19.4,19,18.5,18.4,18.6,18.9
15045010,Matitas,CO,La Guajira,Riohacha,Tapias,11,15,50,N,73,1,49,W,20,14.5,5.8,16.7,92.8,155.4,81.3,46.7,127.3,200.2,232.1,171.5,41.9,1186.2,26.6,26.8,27.3,27.6,27.7,28.4,28.9,28.5,27.7,27.1,27.1,26.7,27.5
29045020,A.E Cortissoz,SP,Atlantico,Soledad,Magdalena,10,53,0.01,N,74,46,47.2,W,14,1.2,0.5,1.9,31.8,118,83,92.1,112.6,160.5,169.6,95.6,37.5,904.2,26.7,26.8,27.2,27.8,28.2,28.2,28,28.1,27.8,27.4,27.5,27.1,27.6
52025060,Gja Exp Univ Narin,CP,Cauca,Mercaderes,PATIA,1,54,19.4,N,77,11,33.7,W,580,79.8,95.9,143.6,141.3,111.1,49,24.5,23.4,50.5,168.2,190.9,151.7,1194.6,26,26.3,26.2,26.1,26.2,26.3,26.6,26.9,26.5,25.9,25.3,25.5,26.1
21165030,Lozania,CO,Tolima,Purificacion,Q La Baja,3,53,46.4,N,74,46,24.3,W,400,119.6,146.8,215.9,231.7,193.7,85.2,49.7,53.7,135.8,288.6,280,186.9,1976.5,26.5,26.6,26.5,26.2,26.2,26,26,26.6,26.7,26.3,26.3,26.4,26.4
23195200,Cachiri,CO,Santander,Surata,Cachiri,7,28,26,N,72,59,28,W,1850,18.1,31,58.9,143.4,157.4,72.8,52,89.2,147.2,200.8,110.7,36.3,1117.8,17.5,18,18,17.8,17.9,18,17.8,17.8,17.4,17.2,17.3,17.4,17.7
57025010,Gorgona,CP,Cauca,Guapi,PACIFICO,2,57,46.6,N,78,10,27.7,W,10,532.2,316.7,231.7,427.4,779.5,852.9,732.9,613,685.4,720.9,569,504.9,6788.7,26,26.3,26.3,26.6,26.5,26.1,26.1,26.1,25.9,25.8,25.8,25.8,26.1
35085050,Campohermoso,CO,Boyaca,Campohermoso,LENGUPA,5,2,4.2,N,73,6,13.2,W,1300,45.1,65,128.2,275.2,431.1,464,451.9,382,269.3,256.5,205.2,86.7,3051,21.7,21.9,21.8,21.2,20.8,20.3,19.9,20.2,20.9,21.4,21.4,21.4,21.1
16035020,Petrolea,CO,Norte de Santander,Tibu,Cno Picho,8,28,7,N,72,34,46,W,62,91.5,85.9,149.8,315.4,275.8,175.4,206.4,224.1,272.2,341.7,294.4,202.5,2614.4,27.8,28,28.1,28.2,28.5,28.6,28.3,28.4,28.6,28.5,28.3,27.9,28.3
28035040,Guaymaral,CO,Cesar,Valledupar,Garupal,9,54,17.7,N,73,38,51.1,W,50,6.8,28.5,78.1,125.9,181.3,119.1,114.4,140.7,154.8,169.7,148.9,40,1295.3,30.4,30.5,30.3,30.2,29.7,29.8,29.9,29.8,29.3,28.8,29,29.7,29.8
21205400,Checua-Nemocon,CP,Cundinamarca,Nemocon,Checua,5,7,0,N,73,52,0,W,2580,23.7,53,69.8,78.9,67.3,34.6,37,37.5,59.1,74.8,61,31.5,628.1,13.8,14,14.4,14.4,14.2,13.6,13.6,13.6,13.9,14.1,14.6,14.1,14
26095230,Vinculo El,AM,Valle del Cauca,Guadalajara de Buga,Sonsito,3,50,6.7,N,76,17,58.3,W,979,65.6,73.3,124,155.6,123.5,68.1,50.7,60.2,101.7,164.9,133.8,85,1206.3,23.7,24,24,23.6,23.5,23.4,23.7,24,23.8,23.2,23.1,23.3,23.6
44045020,Valparaiso,CO,Caqueta,Valparaiso,Pescado,1,11,42.9,N,75,42,16.1,W,270,125,212.4,282,388.2,360.7,351,332.8,237.2,218.1,230.7,214.3,129.9,3028.4,26.9,26.6,26.3,25.8,25.7,25.3,25.2,25.6,26.1,26.4,26.5,26.6,26.1
23085110,Penol El,CO,Antioquia,Penol,Rionegro,6,12,51.3,N,75,14,28.8,W,1956,113.2,112,181,270.2,296.6,201.4,207.7,236.8,295.5,317.6,220.4,153.2,2605.6,17.8,18,18.1,18.3,18.6,18.8,18.7,18.7,18.3,18,17.8,17.7,18.2
24025030,Sierra La,CP,Boyaca,Duitama,La Rucia,5,58,1.3,N,73,9,43.6,W,2700,119.7,138.5,208.9,249.9,210.8,91.5,75.3,88.6,137.1,251.6,216,128.3,1907.5,11.9,12,12.1,12.3,12.4,12.3,12.2,12.3,12.1,11.9,11.9,11.9,12.1
24015020,Bertha,CO,Boyaca,Moniquira,Suarez,5,53,0,N,73,36,0,W,1700,62,93.3,111.9,236,298.2,186.7,152.3,150.8,208.1,240.8,177.4,88.9,2006.3,19,19.3,19.6,19.5,19.3,19.1,18.7,18.9,18.9,18.8,19.1,19,19.1
21065030,Jorge Villamil,CO,Huila,Gigante,Q Guandinosa,2,22,0,N,75,33,0,W,1500,83.7,98.2,131.9,138.9,140.6,108.9,84.2,65.1,72,153.2,120.6,89.3,1286.8,20.1,20.3,20.2,20.2,20.1,19.6,19.1,19.6,20.1,19.9,19.9,20,19.9
21035020,Resina,CO,Huila,Guadalupe,Suaza,1,54,50,N,75,40,44.4,W,2102,90.7,112.8,162.1,206.7,239,262.3,291.8,220.7,180.4,177.5,145.2,110.2,2137.2,16.2,16.2,16.2,16.2,16.1,15.6,14.9,15.2,15.8,16.1,16.2,16.4,15.9
25025320,Alamos Los,CP,Magdalena,San Sebastian de Buenavista,RIO MAGDALENA,9,18,14,N,74,16,25,W,25,13.2,23,57.3,134.2,195.5,157.6,112.3,189.3,211.7,186.7,148.1,66.1,1449.7,28,28.9,29.4,29,28.5,28.4,28.7,28.5,27.9,27.5,27.4,27.5,28.3
23065060,Sta Teresa,CO,Cundinamarca,Alban,NEGRO,4,50,31.8,N,74,27,42.1,W,2200,90.9,109.5,132.5,143,133.5,79,52.2,55.8,94.4,168.5,152.8,120.4,1316.8,15.4,15.6,15.6,15.6,15.7,15.4,15.3,15.6,15.7,15.6,15.4,15.3,15.5
52045030,San Bernardo,CO,Narino,San Bernardo,Juanambu,1,32,19.4,N,77,1,57.4,W,2190,220.4,175.7,206.6,217.2,169.6,74.7,54.8,40.7,81.5,240.8,311.5,247.4,2041,15.6,15.9,15.9,16,16,15.7,15.4,15.5,15.8,15.7,15.5,15.5,15.7
22025010,Apto Planadas,CP,Tolima,Planadas,Ata,3,10,0,N,75,40,0,W,1355,213.3,204.7,225.6,233.8,197.1,109.4,58.4,58.1,121.2,223.4,244,198.4,2077.8,22.1,22.5,22.5,22.2,22.2,22.5,22.5,22.8,22.7,22.1,22,22.1,22.3
35215010,Apto Yopal,CP,Casanare,Yopal,Cravo Sur,5,19,13.6,N,72,23,15,W,325,9.6,53.7,101.3,262.6,360.1,324.5,330.4,276.5,270.3,238.7,134.3,28.2,2390.1,28.2,28.7,28.5,26.6,25.7,25.1,24.9,25.4,26,26.2,26.7,27.2,26.4
26105110,Ing Riopaila,CO,Valle del Cauca,Zarzal,CAUCA,4,19,5.6,N,76,4,56.7,W,941,57.1,74.9,142.1,156.6,173.3,107.4,83.8,77.6,98.3,147.9,135.7,102,1346.7,24.5,24.9,24.7,24.2,24.1,24.1,24.3,24.5,24.4,24.1,24,24,24.3
13075050,Univ de Cordoba,AM,Cordoba,Monteria,Sinu,8,47,38,N,75,51,41.5,W,15,11.7,16.5,30,116.2,175.5,163.1,156.3,180.9,202.9,153,103.8,34.9,1323.6,27.3,27.4,27.8,28,27.7,27.7,27.6,27.5,27.2,27.1,27.2,27.2,27.5
37055010,Apto Arauca,SP,Arauca,Arauca,Arauca,7,4,10,N,70,44,17,W,128,11.9,23.8,50.6,147.2,267.5,304.7,309.6,224.7,187.1,200.1,109.7,30.8,1867.7,27.4,28.3,28.8,27.7,26.6,25.8,25.7,26.1,26.6,26.8,26.9,26.9,26.9
21206050,Esc Col Ingenieria,CP,Bogota DC,Bogota DC,FRIO,4,47,18,N,74,2,44,W,2650,50.3,62.5,92.4,90.9,100.3,58.8,42.9,39,63.9,114.1,103.4,66.7,885.4,13.8,14.5,14.4,14.5,14.4,14,13.5,13.6,13.8,14.1,14.2,13.8,14.1
26095080,Tenerife,CO,Valle del Cauca,El Cerrito,Amaime,3,43,47.8,N,76,4,29.4,W,2609,95.6,80.2,123.3,135.6,108.6,55.1,41,42.6,72.1,168,158.1,129.7,1209.8,13.4,13.5,13.7,13.8,13.9,13.9,13.8,13.9,13.7,13.5,13.3,13.3,13.6
11045010,Apto El Carano,SP,Choco,Quibdo,Atrato,5,41,26,N,76,38,37.9,W,53,544.9,500.7,554.5,707.2,722.4,728.1,804.6,865.8,701.7,606.3,683.1,631.8,8051,26.4,26.7,26.9,26.9,27,26.8,26.8,26.8,26.5,26.3,26.2,26.2,26.6
11035020,San Isidro,CO,Choco,Rio Quito,Quito,5,37,34.5,N,76,44,59,W,45,516,469.6,493.6,601.8,625.6,648.3,708.8,723.9,542.5,507.4,561.7,501.8,6792.3,26,26.3,26.6,26.6,26.6,26.5,26.5,26.4,26.3,26,25.9,25.9,26.3
38015030,Apto Pto Carreno,CP,Vichada,Puerto Carreno,Orinoco,6,10,56.7,N,67,29,28.4,W,50,11.1,17,45.4,156.1,285.3,466.3,487.9,340.9,208.5,167.5,108.8,33.8,2328.8,29.5,30.4,30.9,29.5,27.8,26.8,26.6,26.9,27.5,28.1,28.5,28.9,28.5
24015280,Gambita,CO,Santander,Gambita,Lenguaruco,5,56,41,N,73,20,37,W,1900,122.3,140.6,206.4,293.9,302.7,167.3,141.6,166.8,206.6,314.9,270.6,160.9,2446.5,18,18,18.2,18.2,18.2,18.2,18,18,18,17.9,18,17.9,18.1
23035020,Apto Palanquero,SP,Cundinamarca,Puerto Salgar,Magdalena,5,28,17,N,74,39,17,W,172,86.2,92.1,143.6,232.7,232.8,106.3,82.9,98.5,182.5,296,247.5,147.8,1948.7,28.6,28.9,28.7,28.5,28.7,28.9,29.4,29.7,28.8,28,28,28.3,28.7
26155110,Apto La Nubia,SP,Caldas,Manizales,Chinchina,5,1,47.1,N,75,28,11.8,W,2058,103.5,94,133.9,176.2,161.9,108.9,74.2,74.2,139.8,209,176.5,131.5,1583.7,16.9,17.2,17.2,17.2,17.2,17.1,17.2,17.2,16.9,16.6,16.6,16.8,17
23065100,Sabaneta,CO,Cundinamarca,San Francisco,NEGRO,4,54,6.3,N,74,18,26.6,W,2475,86.1,123.9,176.3,152.6,114.9,61.2,52.8,55.9,76.5,175.9,218.3,161.7,1411.9,13.2,13.5,13.5,14,14.2,14.1,13.7,13.7,13.8,13.6,13.5,13.3,13.7
32075040,Holanda La,CO,Meta,Granada,Ariari,3,30,58.8,N,73,42,57.7,W,360,31.8,77.5,197.7,344.7,411.4,351.8,292.3,233.4,231.2,276.8,225.3,71.4,2711.5,26.6,26.9,26.4,25.7,25.3,24.7,24.5,24.8,25.4,25.5,25.6,25.8,25.6
21195110,Penas Blancas,CO,Cundinamarca,Cabrera,SUMAPAZ,3,57,53,N,74,26,37.5,W,2050,50.3,61.8,84,125.3,125.1,65.7,51.5,57.3,68.2,122.6,116.5,69.3,947.3,16.5,16.5,16.6,16.6,16.5,16.5,16.4,16.4,16.5,16.4,16.5,16.6,16.5
14015030,Esc Naval Cioh,CP,Bolivar,Cartagena,Mar Caribe,10,23,23,N,75,32,9,W,1,1.8,0.5,2.5,21,97.5,101.9,117.4,120.2,114.9,172.1,127.4,45.6,903.5,26.9,26.9,27.2,27.7,28.2,28.4,28.2,28.3,28.2,27.9,27.9,27.3,27.8
16015040,Sta Isabel,CO,Norte de Santander,Cucuta,Pamplonita,8,14,0,N,72,26,0,W,90,129.5,99.5,163.4,262.9,280,131.4,172.1,212.9,267,404.6,284.2,277.1,2451.6,26.5,26.8,27,27.5,27.8,27.9,27.8,27.8,27.8,27.6,27.4,26.7,27.4
32075030,Vista Hermosa,CO,Meta,Vistahermosa,Guejar,3,7,13.4,N,73,45,14.5,W,325,30,94.3,203.3,358.9,394.6,361,294.3,204.5,208,268,206.1,91.8,2650.2,27.4,27.4,26.7,25.8,25.5,24.7,24.7,25.2,25.6,25.8,26.2,26.7,26
23125080,Otanche,CO,Boyaca,Otanche,Q Tambrias,5,39,42,N,74,11,4.4,W,1070,192.8,214.6,258.7,398.6,382,209,177.3,203.1,280,485.8,364.5,240.7,3401.2,22.2,22.3,22.5,22.6,22.8,22.9,22.7,22.9,22.7,22.3,22.2,22.2,22.5
26105140,Barragan,CO,Valle del Cauca,Tulua,Bugalagrande,4,2,0,N,75,53,17,W,2902,76,68.7,99.4,108.8,98.4,47.3,34.1,38.3,61.4,141.2,129.6,88.1,975.1,11.7,11.8,11.9,12,12.2,12,11.7,11.8,11.7,11.4,11.3,11.5,11.7
23205050,Canelos,CO,Bolivar,Santa Rosa del Sur,Q La Fria,7,53,7.5,N,74,14,27.5,W,750,45,70.4,116.2,213.2,261.4,224.9,212,236.9,237,247.4,196.8,92.4,2088.5,21.8,22.1,22.3,22.1,22.2,22.3,22.3,22.4,22,21.7,21.6,21.7,22
13085040,Apto Los Garzones,SS,Cordoba,Monteria,Cno Bugre,8,49,33,N,75,49,30.5,W,20,7.3,12.6,28.6,99.4,187.5,140.9,168.4,166.4,205.8,145.9,101.1,42.1,1281.7,28,28.2,28.5,28.7,28.3,28.3,28.3,28,27.8,27.7,27.5,27.7,28.1
21206220,Univ Nacional,CP,Bogota DC,Bogota DC,BOGOTA,4,38,17.1,N,74,5,20.7,W,2556,51.7,64.8,92.3,89.4,101.7,46.4,42.1,40.2,74.6,110.3,128.7,75.6,901.6,14.6,14.8,15,15.2,15.3,15,14.4,14.5,14.6,14.8,14.9,14.9,14.9
35195020,Tauramena,CO,Casanare,Tauramena,Cusiana,5,1,14.9,N,72,45,1.3,W,460,15.7,52.8,129.2,343.2,433.8,444.8,386,331.3,311.1,306.3,190.7,57.3,3002.3,26.2,26.5,26.3,25.5,25.2,24.8,24.4,24.9,25.3,25.5,25.6,25.9,25.5
24035120,Surbata Bonza,AM,Boyaca,Duitama,Chicamocha,5,48,8.8,N,73,4,28.1,W,2485,22.9,42.2,75.1,123.6,118.7,67.4,50.5,50.7,76.2,112.2,88.3,41.7,869.6,14.3,14.6,14.9,14.9,14.6,14,13.7,13.7,13.8,14,14.3,14.1,14.2
21255150,Garcia Hda,CP,Tolima,Lerida,LAGUNILLA,4,51,19.5,N,74,53,29.6,W,350,74,75.5,126.4,208.9,212.3,81,61.9,111.2,155.3,213.1,131.3,93.1,1512.9,27.9,28.1,28,27.4,27.3,27.8,28.5,28.9,28.1,27,26.9,27.3,27.8
25025330,Col Agro Pailitas,CP,Cesar,Pailitas,QDA HONDA,8,57,25.4,N,73,38,1,W,50,34,28.3,107.8,209,303.9,188,135.6,180,274,284.8,271.4,74.8,2091.7,27.7,28.8,28.9,28.2,27.7,27.8,28.2,27.9,27.3,26.9,26.9,27.1,27.9
35075030,Villa Luisa,CO,Boyaca,Ramiriqui,Teatinos,5,25,20,N,73,20,57.9,W,2200,19.5,33.6,55.9,95.1,129,110,115.4,95.8,77.5,112,92.7,40.1,976.4,16.7,17,17.3,17.1,16.8,16.1,15.6,15.6,16,16.5,16.7,16.7,16.5
21215130,Cucuana Hda,CO,Tolima,Cajamarca,ANAIME,4,20,28.9,N,75,31,6.8,W,2120,42.3,50.5,92.6,127.1,130.8,101.1,79.1,60.5,90.5,108.3,91,54.3,1017.1,15.8,15.8,15.8,15.8,15.8,15.9,15.8,15.9,15.8,15.8,15.9,15.9,15.8
23085040,Selva La,AM,Antioquia,Rionegro,Negro,6,7,54,N,75,24,53,W,2090,64.1,86.8,131.7,199.8,247.6,187.4,169.4,180.2,212.3,225.2,183.8,98.8,1987.1,16.6,16.8,17,17.1,17.1,17,16.8,16.9,16.8,16.5,16.6,16.6,16.8
11115020,Canasgordas,CO,Antioquia,Canasgordas,Canasgordas,6,45,29,N,76,1,47,W,1200,90.1,96.3,140.7,244.9,273.9,203.6,158.3,177.3,262.7,308.5,289.2,150.7,2396.2,21.6,21.7,21.8,21.7,21.6,21.7,21.7,21.7,21.5,21.1,21.2,21.4,21.5
16055060,Playa La,CO,Norte de Santander,La Playa,Algodonal,8,13,3,N,73,14,6,W,1500,13.2,15.5,24.6,71.2,100.7,62.3,44.4,89.7,140.6,158.3,83,29.1,824.1,18.6,19.2,19.8,20.3,20.5,20.5,20.7,20.6,20.1,19.8,19.4,18.9,19.9
26125070,Bella La,CO,Quindio,Calarca,Santo Domingo,4,31,0,N,75,40,0,W,1450,166,137.8,229.9,253,203.9,85,67.6,86.5,140.8,253.7,313.1,222.3,2159.5,20.6,20.9,20.9,20.7,20.6,20.9,21.1,21.2,20.4,19.9,19.9,20.2,20.6
21205710,Jardin Botanico,CO,Bogota DC,Bogota DC,Bogota,4,40,9.6,N,74,6,9.6,W,2552,49.1,60.7,90.7,130.7,131.4,65.3,48.7,51.6,74.7,132.9,124.2,72.6,1032.6,15,15.1,15.1,15.2,15.3,15.2,14.9,15,15,14.9,15,15,15.1
35025060,Bolsa La,CO,Cundinamarca,Choachi,NEGRO,4,34,31.5,N,73,58,53.1,W,3195,30.5,46.2,89.4,116.6,158.6,145,160.1,125.4,88,123.3,114.1,61.8,1234.7,8.7,8.5,8.5,8.5,8.5,8.3,8,8.1,8.4,8.6,8.7,8.8,8.4
21025020,Altamira,CO,Huila,Altamira,Suaza,2,4,0,N,75,48,0,W,1352,81.7,104.8,116.4,112.6,116.7,79,66.1,40.2,54.9,106.6,127.5,86.5,1093.1,23.4,23.4,23.2,23.2,23,22.5,21.9,22.4,22.9,22.9,23,23.1,22.9
15085030,Esc Agr Carraipia,CO,La Guajira,Maicao,Carraipia,11,12,59,N,72,22,1,W,118,19.3,14.9,20.8,72.3,161.1,69.5,42.6,92.8,160.7,214.3,215.4,92.7,1176.4,25.8,26.1,26.7,27.2,27.7,27.9,28.1,28.2,27.6,27,26.5,26,27.1
23025040,Albania,CO,Tolima,San Sebastian de Mariquita,GUARINO,5,17,51,N,74,54,57,W,500,218.7,182.2,302.6,383.1,332.6,141.3,116.5,192.3,258.2,489.6,503.5,372.8,3493.5,24.9,25,24.8,24.9,24.9,25.3,25.5,25.8,25.2,24.6,24.5,24.5,25
14015020,Apto Rafael Nunez,SP,Bolivar,Cartagena,Mar Caribe,10,26,50.1,N,75,30,57.7,W,2,1.9,0.5,1.9,22,120.3,101.5,119.4,128.9,144.5,238.8,156.9,50.4,1087,26.7,26.8,27.1,27.8,28.3,28.5,28.3,28.4,28.3,28,27.9,27.2,27.8
24015270,Velez Granja,CO,Santander,Velez,Q Palenque,5,59,50,N,73,40,22,W,2170,55.4,79.2,135.5,244,273.1,186.1,171.4,170.9,222.8,263.7,185.6,86.1,2067.2,16.7,16.7,16.7,16.7,16.7,16.7,16.6,16.6,16.6,16.4,16.4,16.7,16.6
23095010,Apto Pto Berrio,CP,Antioquia,Puerto Berrio,Magdalena,6,27,54,N,74,24,44,W,150,49,85.1,187.4,318.6,278,225.5,225.7,264.7,345.4,316.4,188.2,104.1,2588,28.9,29.2,28.9,28.6,28.6,28.6,28.7,28.6,28.3,28,28,28.4,28.5
53115020,Colpuertos,CP,Valle del Cauca,Buenaventura,Pacifico,3,53,0,N,77,4,0,W,10,410.4,307.1,384.5,552.1,667,581.9,685.2,818.6,911.3,881.5,788,653.2,7609,26.2,26.6,26.7,26.7,26.6,26.3,26.3,26.2,26,25.9,25.9,26.1,26.3
12045010,Arboletes,CP,Antioquia,Arboletes,Q Seca,8,50,47.9,N,76,25,21.8,W,4,15.4,16.8,41.6,127.4,251.1,191.7,202.1,226.1,187.8,206.9,183.8,80,1711,27.6,27.6,28,28.2,28,27.8,27.7,27.6,27.3,27.3,27.3,27.4,27.6
24015220,Villa Carmen,CP,Boyaca,Samaca,Gachaneca,5,30,42.1,N,73,29,44.8,W,2600,29.9,50.1,74,83.5,76.6,39.2,36.9,31.7,47.9,99.5,91.3,42.3,694.8,14,14.2,14.4,14.5,14.4,13.8,13.3,13.3,13.7,14,14.1,14,14
53115010,Apto Buenaventura,SP,Valle del Cauca,Buenaventura,Pacifico,3,49,12.7,N,76,59,32.4,W,14,413.9,290.9,392.7,530.2,618.9,533.3,578.3,666.2,781.2,807.3,713.9,571.4,6898.2,25.8,26.1,26.4,26.4,26.3,26,25.9,26,25.9,25.7,25.6,25.7,26
12015090,Palmera La,CO,Antioquia,Chigorodo,LEON,7,32,18,N,76,36,20,W,58,142.2,87.5,120.6,270.7,427.9,449.2,396.5,414.3,443.6,455.1,363.2,313.9,3803.9,27.2,27.7,27.8,27.6,27.4,27.3,27.1,27.2,27.1,27.1,27,27,27.3
16035010,Tibu,CO,Norte de Santander,Tibu,Tibu,8,38,18,N,72,43,36,W,50,88.4,106.6,154.5,306.9,309.5,179.6,204.4,253.7,290.9,352,352.7,207.7,2806.8,26.4,27.1,27.6,27.8,28,27.9,27.8,28.1,27.8,27.4,27,26.5,27.4
21215080,Chicoral,CO,Tolima,Espinal,Coello,4,13,53.1,N,74,59,42.3,W,475,61.2,98.9,137.1,225.3,193.5,86.7,65.9,56.1,126.9,167,136.2,94.8,1449.6,27.6,27.7,27.6,26.8,26.8,27.1,27.6,28.3,27.9,27,26.8,27,27.4
21235010,Jerusalen,CO,Cundinamarca,Jerusalen,Q Corralitos,4,33,53.3,N,74,41,46.6,W,316,49.5,73.5,101.2,151.7,128.8,46.3,34.4,44.3,100,134.8,95.1,55.5,1002,28.3,28.4,28.3,27.9,27.6,28,28.6,29.2,28.7,27.7,27.2,27.7,28.1
21205660,Mercedes Las,CO,Cundinamarca,Anapoima,Bogota,4,34,54.8,N,74,31,35.8,W,810,70.4,97.8,128.1,127.9,138.6,45.7,36.9,46.2,96.5,141.6,147.8,90.8,1168.3,25.3,25.4,25.2,24.7,24.7,24.8,25.1,25.8,25.6,24.9,24.5,24.7,25.1
26115040,Cent Admo La Union,CP,Valle del Cauca,La Union,Cauca,4,31,52.6,N,76,3,43.8,W,920,44.5,63.9,97,144,143.7,85.8,77.9,77,106.7,116.9,104.7,60.8,1123.1,24.4,24.8,24.9,24.4,24.1,24.1,24.4,24.7,24.3,23.8,23.7,24,24.3
35085040,Vivero El,CO,Boyaca,Miraflores,LENGUPA,5,11,33.2,N,73,8,41.2,W,1640,23,32.3,72.1,136.9,218.5,252.9,252,221.9,153.7,135.7,104.9,52.6,1626.2,19.1,19.6,19.6,19.4,18.9,18.2,17.8,17.8,18.4,18.8,18.9,18.9,18.8
26145030,Camelia La,CO,Risaralda,Santuario,Mapa,5,4,48.8,N,75,58,1,W,1650,111.2,116.7,144.9,207.3,214.5,176.2,148.7,136.9,169.1,218.8,217.2,139.5,2001.1,19.1,19.4,19.4,19.3,19.2,19.3,19.6,19.7,19.2,18.7,18.7,18.9,19.2
12045020,Cristo Rey,CO,Cordoba,Puerto Escondido,Mar Caribe,9,4,19.8,N,76,13,31.8,W,15,12.3,7.7,10,91.3,218.1,162.7,176.6,192.6,207.8,209.3,151.9,42.3,1467.6,27.7,27.9,28.1,28.2,27.9,27.8,27.8,27.6,27.3,27.3,27.4,27.6,27.7
26075080,Cenicana,AM,Valle del Cauca,Florida,Guachal,3,21,38.6,N,76,17,57.9,W,1013,92.1,84,121.8,169,113.7,49.3,29.5,38.1,95.4,139.3,158.7,86,1176.9,23.5,23.7,23.8,23.5,23.5,23.8,23.8,24,23.6,23.1,22.9,23.4,23.6
46015010,S.Vcte Caguan,CP,Caqueta,San Vicente del Caguan,Caguan,2,3,46.8,N,74,45,45.7,W,300,49.1,124.1,219.1,331.3,315.8,346.9,287.9,199.4,203.2,215.3,140.4,59.4,2440.8,27.3,27.3,26.6,26,25.8,25.1,24.7,25.4,25.7,26.1,26.2,26.8,26
21205720,San Jorge Gja,CO,Cundinamarca,Soacha,Soacha,4,30,20.7,N,74,11,21.4,W,2900,23.1,38.8,61.8,93.8,98.1,70.1,63.4,48.9,52.8,98.2,86.1,42.8,778,11.7,11.8,11.9,12,11.9,11.7,11.4,11.5,11.7,11.7,11.8,11.8,11.7
21145070,Legiosa La,CO,Huila,Colombia,Ambica,3,18,39.7,N,74,42,10.4,W,1476,68.7,87.1,133.7,202.1,272,322.1,330.7,247.3,168,163.8,187.8,106,2289.2,19.5,19.6,19.5,19.3,18.9,18,17.6,18.2,19,19.3,19.3,19.3,18.9
21205520,Eldorado Didactica,CP,Bogota DC,Bogota DC,Bogota,4,42,0,N,74,9,0,W,2546,28.1,42.2,73.9,121.1,101.1,44.8,41.6,45.4,67.5,102.9,101.6,53.8,813.9,13.6,14.1,14.2,14.5,14.5,14.4,13.9,13.9,13.9,13.8,13.9,13.7,14
24035310,Chiscas,CO,Boyaca,Chiscas,Chiscano,6,32,58.3,N,72,30,17,W,2350,38,54.4,87.1,153.7,173.7,110.5,94,102.7,131.8,178.4,136.9,55.5,1316.7,17.3,17.4,17.4,17.1,16.8,16.6,16.4,16.6,16.7,16.6,16.8,17,16.9
52025020,Milagros Los,CO,Cauca,Bolivar,Sambingo,1,45,12,N,76,53,30,W,2300,166.2,135.8,160,164.3,109,45.3,28.8,21.5,57,189.9,224,194.5,1496.3,15.9,16,16.1,16.4,16.6,16.8,16.6,16.8,16.9,16.2,15.7,15.8,16.3
21205420,Tibaitata,AM,Cundinamarca,Mosquera,Balsillas,4,41,29.1,N,74,12,32.4,W,2543,22.3,35.8,57.2,92.8,83.5,59.1,40.9,38.1,49.6,85.9,79.3,46.1,690.6,12.8,13.2,13.4,13.7,13.7,13.4,13,13,13,13.1,13.2,12.9,13.2
24035270,Tinaga Gja,CO,Santander,Cerrito,Servita,6,50,27,N,72,42,27,W,2698,29.6,50.1,90.3,146.8,145.6,86.1,72.2,103.6,143.1,168.8,122.7,53.3,1212.3,13.8,14,13.9,13.8,13.7,13.5,13.2,13.2,13.2,13.2,13.5,13.7,13.6
51025050,Altaquer,CP,Narino,Barbacoas,GUIZA,1,14,54,N,78,5,33,W,1010,413,300.1,393.4,455.7,417.1,330.9,204.1,152.7,222.5,468.1,452.1,495.2,4304.9,20.4,20.6,20.8,20.9,20.8,20.5,20.4,20.4,20.3,20.3,20.2,20.2,20.5
26025030,Japio,CO,Cauca,Santander de Quilichao,Cauca,3,3,0,N,76,27,0,W,1015,147.7,141.2,180.7,224.4,159.8,93.3,51.1,67.4,113,212,228.4,167.1,1786.2,23.5,23.7,23.6,23.5,23.4,23.5,23.6,24.1,23.8,23.3,23.1,23.4,23.6
47015040,Michoacan,CO,Putumayo,Colon,Putumayo,1,10,44.1,N,76,53,1,W,2100,85.8,102.8,120.5,156,175.7,185.6,179.8,140.6,116.7,100.5,110.8,96.2,1571,16.2,16.1,16,16,15.7,15.2,14.8,14.9,15.3,15.9,16.4,16.3,15.7
21035040,Libano El,CO,Huila,Suaza,Suaza,1,52,6.2,N,75,49,40,W,1045,49.8,81.9,115.7,130.1,137.6,134.4,118.5,88.2,96.7,107.9,81.4,65.1,1207.2,22.9,22.8,22.6,22.6,22.4,22.1,22,22,22.2,22.6,22.7,22.7,22.5
16055020,Teorama,CO,Norte de Santander,Teorama,Q Teorama,8,26,32,N,73,17,7,W,1160,37,36.4,51.1,118.2,139.5,90.7,110.4,147.9,184.6,201.7,135.6,87.4,1332.9,20.4,21,21.5,21.8,22.3,22.4,22.2,22.5,22.4,22,21.4,20.7,21.7
26185040,San Felix,CO,Caldas,Salamina,SAN FELIX,5,22,21.5,N,75,22,30.5,W,2696,84.2,91.4,142.8,181.3,172.2,89.3,67.5,80.9,134.6,228.9,219.1,130.8,1623,11,11.3,11.5,11.6,11.7,11.6,11.6,11.5,11.4,11.2,11,11,11.4
23125060,Albania,CO,Santander,Albania,Q Canutillo,5,45,30,N,73,54,48,W,1690,158.4,158.2,226.7,334.7,288.3,143.3,105.7,125.8,188.3,351.3,301.2,203.5,2503.5,18.5,18.5,18.7,18.8,18.8,18.8,18.7,18.9,18.7,18.5,18.6,18.4,18.7
23195090,Vivero Surata,CO,Santander,Surata,Surata,7,21,57,N,72,59,15,W,1725,30.4,45.4,80.9,150.3,145.7,66.8,39.2,72.7,126.4,180.4,135.1,49.2,1122.7,18.6,18.7,18.7,18.5,18.5,18.5,18.6,18.7,18.5,18.2,18.3,18.4,18.5
53045030,Apto Guapi,CO,Cauca,Guapi,GUAPI,2,34,27.9,N,77,53,41.1,W,10,366.4,343.4,311.3,420.2,541.1,493.1,418.6,395.8,363.1,378.9,340.2,355.8,4653.6,25.9,26.2,26.4,26.5,26.4,25.9,25.9,26,25.8,25.8,25.6,25.6,26
26255040,Cacaoteras del Diq,CP,Antioquia,Caucasia,Cauca,7,59,0,N,75,7,0,W,55,22.6,35.3,80.5,239.3,298.2,349.6,393,384.5,349.7,337.5,252.8,103.8,2781.7,27.7,28.2,28.5,28.4,28.1,27.9,28,28,27.6,27.5,27.6,27.7,27.9
23085140,San Francisco,CO,Antioquia,San Francisco,Calderas,5,57,49.2,N,75,6,2.8,W,1306,292.2,286.6,379.5,493.9,525.3,346.1,339.5,427.3,584.9,610.9,572.9,374.8,5234,21.7,21.8,21.7,21.8,21.8,22,22,21.9,21.7,21.5,21.5,21.7,21.8
24025020,Cucharo El,CP,Santander,Pinchote,Fonce,6,31,56,N,73,11,57,W,975,28.7,58.6,81.3,157.4,162.1,112.2,109.6,120.9,147.2,187.1,112.7,44.8,1313.5,25.5,25.9,25.8,25.1,24.5,24.3,24.3,24.5,24.3,24,24,24.5,24.7
44015030,Valencia,CP,Cauca,San Sebastian,Caqueta,1,54,1.5,N,76,40,7.5,W,2900,76.1,71.8,84.8,103,94,83.7,99.1,71.2,56.2,111.1,115.1,99.8,1065.8,10.8,11,11.1,11.1,11.2,10.6,10,10,10.3,10.7,10.9,11,10.7
26045010,Ing Bengala,CO,Cauca,Puerto Tejada,Palo,3,15,46.1,N,76,24,59.4,W,1000,96.8,94.6,144.7,203.6,147.7,87.3,47,43,97.4,147.5,166.7,113.5,1389.7,24.1,24.2,24.1,23.9,24,24,24.2,24.3,24.1,23.9,23.8,23.9,24
29035070,Repelon,CP,Atlantico,Repelon,Cga Guajaro,10,30,1,N,75,7,9,W,10,5.1,7.3,17.7,49.7,125.5,105.9,78.7,108.6,104.9,161.5,107.1,22.2,894.2,28.2,28.4,28.8,29,28.6,28.7,28.7,28.5,28.1,27.7,27.8,28.1,28.4
16055010,Apto Aguas Claras,CP,Norte de Santander,Ocana,LIMON,8,18,55,N,73,21,27,W,1435,9.4,19.3,46,94.6,144.3,83.1,71.6,114.1,163.3,149.7,67.1,26.2,988.5,20.1,20.8,21.3,21.7,21.9,21.8,21.8,21.7,21.5,21.4,21,20.4,21.3
29035030,Presa Ay Grande,CO,Bolivar,Maria La Baja,Presa Ay Grande,9,52,46,N,75,19,35.7,W,60,35.1,38.2,62.6,158.9,211.1,191.7,187.5,226,195.8,231.5,201,100.1,1797,27.8,28,28.3,28.4,28,27.9,28.1,27.9,27.7,27.3,27.5,27.8,27.9
44035030,Macagual,AM,Caqueta,Florencia,Orteguaza,1,29,59.2,N,75,39,39.6,W,280,106.3,193.2,307.1,442.8,478.7,449.8,416.3,300.9,274.6,298.4,243.2,136,3592.8,26,25.8,25.4,25,24.8,24.2,23.8,24.4,24.9,25.2,25.4,25.7,25
24035330,Boavita,AM,Boyaca,Boavita,Q Ocalaya,6,19,34.3,N,72,34,43.6,W,2150,43,66.6,102.4,191.5,166.2,81.5,61,76.1,110.6,180.3,139.4,62.9,1281.5,17.9,18,18.1,17.5,17.1,17.1,16.9,17.2,17.1,16.9,17.1,17.4,17.4
29035080,Normal Manati,CP,Atlantico,Manati,Cga Guajaro,10,27,12.9,N,74,57,16.7,W,10,12,16.7,23.7,86.8,157.7,125.3,99.1,138.1,143.8,151.8,96.5,32.9,1084.3,27.7,28,28.1,28.1,27.7,27.8,27.8,27.8,27.5,27.2,27.3,27.5,27.7
21205650,Tabio,CP,Cundinamarca,Tabio,Chicu,4,46,0,N,73,56,0,W,2620,27,48.5,60.1,91.4,84.2,54.9,55.7,50.8,61.8,94,86.3,51.4,766.4,13.4,13.6,13.9,14.2,13.8,13.5,13.4,13.5,13.6,13.4,13.5,13.5,13.6
21055030,Sta Leticia,CO,Cauca,Purace,La Plata,2,14,29.3,N,76,9,50.1,W,2085,94.2,126.9,165.8,218.3,199.7,175.5,148,114.3,117.9,168.9,146,111.2,1763.9,16.1,16.2,16,16.1,16,15.7,15.3,15.4,15.7,15.9,15.9,16,15.9
15075030,Manaure,CP,La Guajira,Manaure,Mar Caribe,11,46,51.8,N,72,28,48.6,W,1,3.7,2.9,6.1,19.1,39.9,14.1,11.4,33.6,58.4,114.1,68.1,22.2,382.2,28.1,28,28.1,28.5,29.1,29.9,30.1,29.4,29.2,28.7,28.7,28.3,28.8
21105030,Algeciras,CO,Huila,Algeciras,Neiva,2,31,18.1,N,75,19,20.1,W,1155,82.1,75.5,119.7,110.4,106.1,70.6,54.8,45.7,54.1,135.8,148.3,107.8,1106.4,23.2,23.5,23.4,23.1,23.2,23.1,23,23.3,23.4,23.3,22.9,23,23.2
46035020,Pto Rico,CO,Caqueta,Puerto Rico,Guayas,1,55,3.1,N,75,9,2.4,W,285,107.8,199.1,377.5,495.3,540,497.6,408.7,324.9,350,351.7,278.6,132.3,3992.2,26.9,26.7,26.1,25.6,25.3,24.8,24.4,25.1,25.6,25.8,26.1,26.4,25.7
52055040,Botana,AM,Narino,Pasto,Ay Botanilla,1,9,36,N,77,16,43.7,W,2820,73.7,72.8,90.4,98.6,82.7,59.9,48.2,37.6,44.8,94.6,105,92.6,900.8,12.3,12.5,12.5,12.7,12.7,12.2,11.6,11.7,12.1,12.5,12.4,12.3,12.3
26125060,Apto El Eden,SP,Quindio,Armenia,Quindio,4,27,16.8,N,75,45,59,W,1229,136.1,144.2,194.1,262.6,219.6,153.1,105.2,95.6,182.9,249.7,264.1,175.2,2164.7,22.2,22.4,22.2,22,22,22.2,22.4,22.6,22,21.5,21.5,21.9,22.1
54085010,Noanama,CO,Choco,Medio San Juan,San Juan,4,41,17.6,N,76,56,3.4,W,40,453.9,367.4,415.3,498.7,535.5,511.6,592,668.1,600.5,568.5,528.5,514.2,6199,26,26.2,26.3,26.4,26.3,26.1,26.1,26,25.9,25.8,25.8,25.8,26
23085210,Violetas Las,CP,Antioquia,San Rafael,San Lorenzo,6,20,56,N,75,0,10,W,1016,123.7,149.7,210.4,354.4,393.1,310.2,274.8,346.3,456,488.2,356.7,198.1,3661.4,22.5,22.7,22.9,23,23.2,23.1,23,23.1,22.9,22.6,22.5,22.5,22.8
35095110,Huerta La Grande,CP,Casanare,Villanueva,UPIA,4,39,18.3,N,72,55,2.4,W,255,14,51.4,118.2,314.3,437.2,393.6,331.6,309,293.7,289.1,183.9,62.8,2699.6,27.2,27.6,27.1,25.8,25,24.5,24.2,24.8,25.3,25.8,26,26.6,25.8
44015040,Mocoa Acueducto,CO,Putumayo,Mocoa,CAQUETA,1,9,26.4,N,76,39,6.6,W,650,200.6,227.1,273.1,383.5,442.3,473.5,411.3,348,296.3,237.2,236,214.8,3656.3,23.4,23.4,23.2,23,22.6,22,21.9,22.3,23,23.3,23.4,23.4,22.9
35085020,Rondon,CO,Boyaca,Rondon,Mueche,5,21,30.3,N,73,12,13,W,2120,38.7,64.7,99.1,182.6,262.9,263.5,271.7,215.9,157.1,192.2,188,83,2019.3,16.5,16.6,16.6,16.3,16.1,15.4,15.1,15.2,15.8,16.1,16.3,16.3,16
21105050,Rosales Los,CP,Huila,Campoalegre,Neiva,2,36,58.8,N,75,25,4.4,W,553,115.4,112.6,160.4,131,102.2,37.3,36.2,23.6,46.3,164,206.8,169.4,1298.2,26.3,26.5,26.2,25.9,26.1,26.3,26.7,27.5,27.9,26.8,25.8,25.7,26.5
25025230,Montecristo,CO,Bolivar,Montecristo,Q Montecristo,8,18,0,N,74,29,0,W,100,54.9,86.6,121.1,291.8,555.4,404,425,531.1,493,550.4,483.3,240.7,4209.3,28.3,28.3,28,28.1,27.8,27.9,27.9,27.9,27.7,27.5,27.7,27.8,27.9
15015060,San Lorenzo,CP,Magdalena,Santa Marta,Piedra,11,4,48,N,74,2,1,W,2200,17.5,27.6,34.7,162.7,285.9,319.9,337.1,381.9,410.6,387.5,255.3,109.6,2730.1,12.4,13,13.3,13.9,14.3,14.4,14.2,14.1,13.7,13.5,13.3,12.7,13.6
21195070,Pasca,CO,Cundinamarca,Pasca,Cuja,4,18,36.4,N,74,18,42.3,W,2256,53.3,53.9,92,102.1,84,51,45.4,40.9,57,106.9,113.3,61.1,860.7,15.7,15.7,15.9,15.9,15.9,15.8,15.6,15.7,15.9,15.8,15.7,15.8,15.8
12015020,Uniban,AM,Antioquia,Apartado,Zungo,7,49,34,N,76,39,5,W,23,94.7,81.7,98.8,254.2,330.7,285.3,255,251.8,283.7,310,291.1,207.3,2744.1,26.5,26.6,26.9,27,26.8,26.7,26.7,26.7,26.5,26.4,26.3,26.4,26.6
26075050,Ing Manuelita Porv,CO,Valle del Cauca,Palmira,Nima,3,34,26.3,N,76,16,40.2,W,1058,71.2,68.5,116.6,158.1,117.2,73.3,45.7,42.3,85.6,122.3,131.1,86.7,1118.6,23.4,23.5,23.5,23.3,23.3,23.1,23.3,23.2,22.8,22.6,22.5,22.4,23.1
35105050,Guaicaramo,CO,Meta,Barranca de Upia,UPIA,4,28,7.2,N,72,57,12.9,W,190,23.4,50.8,139.8,279.2,418.4,345.9,269.4,240.2,272.7,277,171.7,50,2495.2,27.4,27.7,27.5,26.6,26.2,25.7,25.5,25.9,26.6,26.7,26.6,27.1,26.6
13065020,Maracayo,CO,Cordoba,Monteria,Ay Betanci,8,24,28.8,N,75,53,29,W,25,25.3,19.5,43.1,107,201.6,194.6,155,204.3,192,130.4,84.2,34.1,1387.8,27.2,27.5,27.5,27.3,27.2,27.1,27,27,26.9,26.8,27.1,27.2,27.2
27025030,Anori,CO,Antioquia,Anori,Anori,7,4,19,N,75,9,1.9,W,1610,58.3,111.5,156.3,270.8,320.7,296.9,313.3,318.4,327.6,314.8,229.9,119.9,2838.5,18.6,18.7,18.9,19.2,19.6,19.8,19.8,19.8,19.4,19,18.8,18.7,19.2
31015010,Trueno El,CO,Guaviare,San Jose del Guaviare,Cno Grande,2,22,22,N,72,38,24,W,150,58.7,84.1,193.6,308.3,377.2,370.9,350.1,273.1,239.3,278.9,208.6,122.4,2762.1,26.2,26.4,26,25.5,25,24.4,24.1,24.5,25,25.3,25.3,25.7,25.3
29065080,Media Luna,CO,Magdalena,Pivijay,Cno Ciego,10,30,36.1,N,74,30,24,W,20,4.2,4.8,19.2,79.7,129.1,110.7,97.5,169.8,161.6,152.7,99.8,40.1,1069.2,27.5,27.9,28.4,28.7,28.4,28.4,28.3,28.2,27.9,27.6,27.6,27.6,28
24015120,Isla del Santuario,CP,Cundinamarca,Fuquene,Lag de Fuquene,5,28,2.2,N,73,44,5.3,W,2580,51.7,63.2,124.6,151.7,116.9,42.7,46.5,40,78.8,163.4,142.7,85.5,1107.6,14.6,14.8,14.8,14.7,14.7,14.4,14,14.1,14.2,14.2,14.4,14.5,14.5
23215030,Aguas Claras,CO,Cesar,Aguachica,Buturama,8,13,44,N,73,36,10,W,208,16.9,33,49.7,145.7,190.5,153,124.8,161.9,189.7,161.6,104.1,48.2,1372.8,29.2,29.8,29.7,28.8,28.3,28.1,28.3,28.3,27.9,27.5,27.8,28.2,28.5
28025020,Rincon El,CO,Cesar,San Diego,Jobo,10,16,17,N,73,7,53,W,350,13.1,35.6,52.6,147.8,201.5,126.1,105.1,139.4,158.2,203.6,133.4,34.7,1351,26.1,26.9,27.4,27.2,26.6,26.5,26.8,26.7,26.1,25.7,25.6,25.6,26.4
15015050,Apto Simon Bolivar,SP,Magdalena,Santa Marta,Mar Caribe,11,7,42,N,74,13,44,W,4,3.1,2,2.3,14.1,55.4,60.7,59.6,70,88.3,111,63.5,15.2,545.3,27.4,27.9,28.4,28.9,29.1,29.1,28.8,28.6,28.3,27.9,27.8,27.5,28.3
28025070,Motilonia Codazzi,AM,Cesar,Agustin Codazzi,Pernambuco,10,0,15.7,N,73,15,10.3,W,180,22.6,36.5,80.1,149.7,207,149.2,111.7,153.9,193.2,258.9,171.9,63.2,1597.9,29.5,30.2,30.3,29.6,28.6,28.6,29.1,28.8,28,27.5,27.7,28.2,28.8
16015030,Esperanza La,CO,Norte de Santander,Ragonvalia,Q Honda,7,34,11,N,72,32,2,W,1760,47.8,45.2,75,163.3,172.9,125.5,116,142.2,187.8,234.4,169,81.3,1542.5,15.9,16.2,16.8,17.3,17.6,17.3,17,17.2,17.3,17.3,17,16.3,16.9
15065040,Paulina La,CO,La Guajira,Fonseca,Rancheria,10,53,53.3,N,72,49,42.5,W,170,7.4,1.7,11,68.5,93.9,96.4,70.2,99.9,138.2,111,87.1,27,812.2,27.3,27.7,28.1,28.3,28.1,28.6,29,28.8,28,27.6,27.1,26.9,28.1
32035010,Macarena La,CP,Meta,La Macarena,Guayabero,2,10,34,N,73,47,36,W,350,43.5,92,175.7,319.3,321.5,358.9,315.5,239.7,236.3,198.3,151.7,89.3,2504.9,26.8,26.7,26.4,25.6,25.3,24.5,24.2,24.8,25.3,25.5,25.9,26.2,25.6
24055040,Palmar El,CO,Santander,Palmar,SUAREZ,6,32,59,N,73,17,31.2,W,940,64.4,84.5,124.2,217.5,216.6,126.9,133.9,149.2,203.6,262.8,189.6,75.2,1848.5,26.4,26.5,26.5,26.1,25.7,25.7,25.7,25.8,25.6,25.2,25.4,25.8,25.9
23125070,San Cayetano,CO,Cundinamarca,San Cayetano,Minero,5,18,0,N,74,4,0,W,2150,117.4,137.9,160.6,192.7,152.2,41.9,38.1,38.3,96.5,219.6,199.9,152.8,1548,15.8,15.9,16,16.2,16.3,16.4,16.2,16.3,16.3,16.1,16.1,16,16.1
25025250,Chiriguana,CO,Cesar,Chiriguana,Ay Jobito,9,21,49.2,N,73,35,36,W,40,15.8,31.6,73.1,138.2,231,159.2,114.5,156.6,226.3,281.5,188.8,62.7,1679.2,28.6,29.1,29.1,28.7,28.1,28.2,28.5,28.5,27.9,27.6,27.7,28.1,28.4
21115080,Villavieja Ffcc,CO,Huila,Villavieja,Magdalena,3,13,21.1,N,75,12,58.6,W,430,67,88,128.8,131.2,95.2,29.4,29.8,20.2,66.7,158.9,183.6,129.8,1128.5,27.8,28,27.7,27.5,27.5,27.8,28,28.7,28.8,27.6,26.9,27.2,27.8
52015010,Paispamba,CO,Cauca,Sotara,TIMBIO,2,15,0,N,76,36,43,W,2450,220,178.7,172.7,204.1,118.4,65.3,33.3,20.1,58.4,267.7,312.3,265,1902.2,13.7,13.8,14,14.1,14.3,14.1,14.2,14.3,14.3,13.8,13.4,13.5,14
21145040,San Alfonso,AM,Huila,Villavieja,Cabrera,3,22,24.1,N,75,6,36.4,W,440,58.1,73.7,137.1,127.1,80.7,29,27.7,19.2,58.7,167.3,177.3,125.3,1081.2,28.4,27.9,28.6,27.9,28.2,28.7,29.2,30.1,29.8,28.3,27.3,27.5,28.5
15015040,Univ Tec Magdalena,CO,Magdalena,Santa Marta,Manzanares,11,13,23,N,74,11,9.3,W,7,2.2,2.1,5.7,15.9,59.5,76.3,60.5,91.2,116.9,142,73.5,32.8,658.2,27.6,27.8,28.1,28.4,28.2,28.6,28.6,28,27.4,26.9,27.6,27.4,27.9
21115060,San Jose,CO,Huila,Villavieja,Magdalena,3,19,45.2,N,75,11,2.6,W,400,73.9,75.3,123.3,134.8,100.7,28.6,29.2,20.1,71.9,159.5,187.6,136.3,1141.1,28.7,28.9,28.6,28.2,28.3,28.8,29.2,30,29.9,28.6,27.6,27.8,28.7
24035040,Copa La,CO,Boyaca,Toca,TUTA,5,34,46,N,73,12,28.6,W,2700,27.4,32.9,70.8,91.2,92.4,54.4,55.2,41.9,54,86.8,90.6,46.6,734.6,13.2,13.6,13.9,14,13.8,13.4,13.1,13.2,13.3,13.6,13.8,13.5,13.5
21205410,Represa Del Neusa,CP,Cundinamarca,Cogua,Neusa,5,9,0,N,73,59,0,W,3100,41.5,53.1,76.6,116.2,127.8,79.3,81.3,67.7,69.4,121.6,98.1,55.7,988.1,10.2,10.5,10.5,10.7,11,10.3,9.9,10.1,10.5,10.2,10.6,10.3,10.4
11035010,Lloro,CO,Choco,Lloro,Atrato,5,30,53,N,76,34,33,W,90,579.7,508.8,541.4,715.1,759.2,702.5,746,752.1,753.2,621.4,728.3,593.4,7806.5,26.1,26.3,26.4,26.5,26.6,26.5,26.5,26.5,26.4,26.2,26.1,26,26.3
25025220,Norosi,CO,Bolivar,Rio Viejo,Q Norosi,8,32,0,N,74,3,0,W,160,5.7,16.4,37.9,160.2,211,157.8,143.8,175,203.9,200.3,116.4,22.2,1448.3,28.2,28.9,29.1,28.8,28.1,28.1,28.3,28.1,27.5,27.3,27.5,27.9,28.2
26105150,San Marcos,CO,Valle del Cauca,Bugalagrande,Paila,4,14,20.3,N,76,1,59.4,W,1002,78.1,82.4,145.1,189.4,160.1,91.9,80.8,71.4,121.8,187.1,169.7,112.9,1490.8,23.3,23.4,23.4,23.3,23.2,23.3,23.3,23.6,23.5,23,22.9,23.1,23.3
23125120,Cimitarra,CO,Santander,Cimitarra,Q Toraba,6,18,31,N,73,57,8,W,300,125.3,157,261.6,307.3,281.3,183.3,160.3,194.8,278.5,343.2,320,194.9,2714.7,27.2,27.2,27.2,27,27.1,27.1,27.3,27.3,27.1,26.9,26.9,27,27.1
23115010,Pto Boyaca,CO,Boyaca,Puerto Boyaca,Magdalena,5,58,42,N,74,34,0,W,350,65.6,104.4,181.2,270.9,251.3,167.4,159.2,166.9,258.7,290.6,190.4,115,2156.6,28,28.2,27.8,27.6,27.8,27.9,28.3,28.4,27.6,27,27.1,27.5,27.8
28025080,Socomba,CP,Cesar,Becerril,Cno El Zorro,9,41,12,N,73,14,26,W,170,17.2,46.3,77.4,160.4,209.8,135.4,113.9,160.3,192.4,220.6,157.3,50.8,1477.7,28.1,28.9,28.9,28.3,27.7,27.8,28.1,27.9,27.2,26.7,26.9,27.4,27.8
21115160,Manila La Hda,AM,Huila,Baraya,Villavieja,3,7,59.4,N,75,4,53.5,W,600,53.9,78,125.2,125.3,96.1,47.1,32.2,22.3,49.6,138.6,158.7,107,1034,27.2,27.4,27.1,26.6,26.6,27,27.3,28,28,27,26.1,26.3,27
21205570,Primavera La,CP,Cundinamarca,Subachoque,Subachoque,4,51,0,N,74,13,0,W,2590,29.8,41.5,65.2,100.7,103.5,62.9,54.9,53,70.9,113.6,93.1,47.6,836.8,11.2,11.8,11.4,12.1,12.2,12,11.2,11.7,11.6,11.4,11.2,10.7,11.6
21205700,Guasca,CO,Cundinamarca,Guasca,Chipata,4,52,47.5,N,73,52,5.2,W,2750,37.2,46.8,68.2,83.4,94.3,71.1,72.7,59.1,52.6,85,80.8,43.7,794.9,13.2,13.5,13.6,13.6,13.5,13,12.6,12.8,13,13.2,13.5,13.4,13.2
25025210,Pinillos,CO,Bolivar,Pinillos,Bzo de Loba,8,55,14.7,N,74,28,27.3,W,10,25,23.6,50.1,113.9,223.4,239.1,229.9,251,312.1,326.1,244.8,110.4,2149.7,28.8,28.9,29.1,28.9,28.7,28.8,28.8,28.7,28.6,28.4,28.4,28.7,28.7
21185030,Guamo,CP,Tolima,Guamo,Luisa,4,0,32.2,N,74,58,52.8,W,360,83.4,89.1,111.3,203.9,186.1,80.9,52.5,47.8,112.5,169.8,155.6,119.4,1386,27.9,28.3,28.1,27.4,27.4,27.6,28.3,29.3,28.7,27.7,27.1,27.2,27.9
15085040,Rancho Grande,CO,La Guajira,Uribia,Ay Parajimaburu,11,41,17,N,71,49,0,W,50,6.9,4.3,1.2,9.3,34.7,10.4,7.2,28.9,72.4,96,56.6,19.8,347.4,27.8,27.8,28.3,29,29.4,29.8,29.9,30.1,29.7,29,28.7,28.1,29
25025150,Ayapel,CO,Cordoba,Ayapel,Cga Ayapel,8,17,42.7,N,75,9,52.2,W,22,18.1,28.8,49.1,162.9,267.2,290.9,380.7,397.2,326.9,266.8,198.7,51.7,2439.1,27.8,28.4,28.6,28.4,27.9,27.9,27.8,27.7,27.5,27.3,27.4,27.7,27.8
24035320,Sativanorte,CO,Boyaca,Sativanorte,Q Las Leonas,6,7,59.4,N,72,42,17,W,2594,38.9,54.3,91.3,153.5,122.8,46.8,44.8,49.7,81.6,156.4,148.9,61.3,1050.2,15.5,15.5,15.5,15.5,15.4,15.2,15,15.1,15.2,15.1,15.1,15.3,15.3
52055020,Paraiso El,CO,Narino,Tuquerres,Guaitara,1,4,14.2,N,77,38,12.8,W,3120,77,79.6,101.6,133.7,108.4,55,34.7,28.3,54.9,115.6,114.2,101.8,1004.7,11.1,11.1,11.2,11.4,11.4,10.9,10.2,10.3,10.7,11.1,11.1,11.1,11
23185010,Villa Leiva,CP,Santander,Sabana de Torres,Q Stos Gutierrez,7,27,22,N,73,32,14,W,328,43.4,85.8,175.1,287.2,305.5,227.7,207.1,273.6,288.1,410.9,292.2,118.6,2696.6,27.7,28.4,28.3,27.8,27.7,27.7,27.8,27.7,27.4,27,27,27.2,27.6
35075040,Inst Agr Macanal,CP,Boyaca,Macanal,Bata,4,56,27.8,N,73,19,0.1,W,1300,26.6,64.2,101.5,191.5,322.9,367.9,353.7,293.6,204.8,160.4,104.5,48.5,2206.3,17.5,17.8,17.9,17.7,17.3,16.6,16.2,16.4,16.9,17.4,17.6,17.4,17.2
52025050,Sierra La,CO,Cauca,La Sierra,Guachicono,2,11,37.8,N,76,45,1.2,W,1870,296.7,201.4,233.8,225.6,182.7,76.6,39.6,41.4,106.1,309.9,399,372.2,2485.1,17.5,17.8,17.9,17.8,18,18.1,18.3,18.7,18.6,17.9,17.3,17.3,17.9
25025270,Univ de Sucre,AM,Sucre,Sampues,AY CANOAS,9,12,42,N,75,24,8,W,160,19.4,34.8,39.3,116.8,166.9,151.3,133.1,169.8,187.6,132.5,106.7,45.3,1303.6,26.8,27.1,27.2,27.4,27,27.1,27.1,26.9,26.5,26.3,26.4,26.7,26.9
21205790,Apto El Dorado,SP,Bogota DC,Bogota DC,Bogota,4,42,20.1,N,74,9,2.4,W,2547,28.4,45,72.8,110.7,107.7,58.7,46.2,44.7,64.4,111.2,93.3,58.2,841.2,13.3,13.7,13.9,14.1,14.1,13.9,13.5,13.6,13.5,13.5,13.6,13.4,13.7
37045010,Saravena,CO,Arauca,Saravena,Cno La Pava,6,56,47,N,71,53,26,W,148,44.4,79.8,109.2,253.4,397.3,420.6,361.2,335.8,297.6,338.5,200.6,115.6,2941.7,25.5,26.2,26.4,26,25.6,24.9,24.9,25.1,25.5,25.7,25.7,25.4,25.5
24025050,Charala,CO,Santander,Charala,Pienta,6,16,27,N,73,9,2,W,1350,101.9,159.8,213.7,304.7,291.3,190.1,170,210.5,267.4,352.4,264.5,147.5,2614.3,21.6,21.7,21.5,21.4,21.4,21.3,21.1,21.2,21.1,21.2,21.3,21.4,21.3
21185040,Apto Santiago Vila,CO,Tolima,Flandes,Magdalena,4,16,39.4,N,74,47,54.4,W,286,49.3,84.6,117.7,183.2,157.6,64.3,36.3,41.8,121.3,158.9,110.1,88.6,1213.7,29.1,29.2,28.9,28.3,28.1,28.2,28.8,29.8,29.4,28.3,27.9,28.5,28.7
26215010,Concordia,CO,Antioquia,Concordia,Q Magallo,6,2,23,N,75,55,11,W,1904,90.4,109.7,154.4,252.8,277.6,233.4,196.4,198.2,253.7,294.7,237.6,152.9,2451.7,18.5,18.8,18.8,18.6,18.6,18.8,18.9,18.8,18.4,17.9,17.8,18.1,18.5
26195020,Ita Andes,CO,Antioquia,Andes,San Juan,5,41,27.6,N,75,52,48.8,W,1180,82.5,99.4,165.1,228.6,248.2,193.8,183.5,178.9,226.1,212.4,188.4,129.6,2136.4,22.1,22.6,22.5,22.3,22,21.8,22,21.9,21.6,21.6,21.7,21.7,22
35025020,Libertad La,AM,Meta,Villavicencio,Negro,4,3,26.5,N,73,28,4.5,W,336,33.4,86,152.3,365.6,441.4,407,305.7,245.6,284.9,321.3,233.5,88.2,2921.5,27,27.4,27.1,25.8,25.2,24.5,24.3,25,25.5,25.6,25.9,26.2,25.8
21245010,Perales Hato Opia,CO,Tolima,Ibague,Opia,4,25,23.3,N,75,5,14.9,W,750,63,72.6,115.1,200.7,212.9,92.4,62.5,74.9,152.9,170.9,125.7,78.1,1421.6,25.3,25.2,25.1,24.7,24.8,25.1,25.7,26.4,25.8,24.8,24.4,24.7,25.2
26225030,Cotove Hda,AM,Antioquia,Santafe de Antioquia,Tonusco,6,32,2.1,N,75,49,38.6,W,530,18.8,30,46.5,86.5,143,110.2,101.8,108.8,144.2,151.1,87.6,46.7,1075.2,27.9,28.4,28.4,27.5,26.7,26.6,26.8,27.1,26.4,26,26.3,26.8,27
21105040,Potosi Hda,CO,Huila,Campoalegre,MAGDALENA,2,41,48.5,N,75,17,56,W,680,108.1,118.4,164.5,136.2,100.4,48.5,42.9,23,43.5,168,197.2,148.9,1281.2,25.7,26,25.5,25.2,25.4,25.2,25.5,26.1,26.5,25.9,25.1,25.2,25.6
17025020,Apto El Embrujo,SP,San Andres Providencia y Sta C,Providencia,Mar Caribe,13,21,0,N,81,21,0,W,1,97,45.6,23,27,137.4,171.1,153.7,174.1,185.6,346.4,284,128.3,1773.3,26.8,26.8,27,27.7,28.1,28.4,28.3,28.4,28.1,27.6,27.4,27.1,27.6
21025030,Altamira El Grifo,CO,Huila,Altamira,SUAZA,2,4,45,N,75,44,10.4,W,1368,73.2,113.1,127,136.4,153.9,107.4,80.7,51.6,70.9,138.2,134.8,86.9,1274,21.6,21.7,21.2,21,20.6,20,19.8,20.1,20.8,21.1,21,21,20.8
23015040,Apto Mariquita,SS,Tolima,San Sebastian de Mariquita,Guali,5,12,35,N,74,53,11,W,475,114.6,129.7,184.3,280.2,258.3,103.7,94.8,136.8,199,311.3,275.1,175.2,2263,26.5,26.7,26.5,26.3,26.3,26.5,27.2,27.4,26.6,26.1,25.8,26,26.5
34035020,Tapon El,CO,Vichada,Cumaribo,Tomo,5,6,43.3,N,69,8,54.2,W,315,33.2,81.6,108.8,232.6,358.5,423.4,406,356.9,304.1,291.4,216.7,93.5,2906.9,27.8,28.2,28,26.8,26,25.5,25,25.4,26,26.3,26.6,27.1,26.5
24015260,Chima,CO,Santander,Chima,Suarez,6,21,18,N,73,22,6,W,1090,101.5,170.9,233,344.3,358,200.1,226.4,257.8,311.4,384.1,298.2,178,3063.7,23.7,23.8,23.8,23.7,23.6,23.6,23.4,23.4,23.5,23.4,23.5,23.6,23.6
26085130,Buitrera La,CO,Valle del Cauca,Yumbo,YUMBO,3,35,0,N,76,34,0,W,1500,64.8,59.5,106.7,143.2,119.5,69.9,44.8,40.8,71.7,124.8,122.3,79.3,1047.4,20.6,20.9,20.9,20.7,20.6,20.7,21.1,21.2,20.9,20.5,20,20.2,20.7
25015010,Centro Alegre,CO,Cordoba,Planeta Rica,Ay El Desorden,8,10,50.8,N,75,37,56.2,W,170,58.2,139,113.4,104.1,140.9,137.1,131.5,160.9,156.4,141.2,225.8,202.5,1711,28.1,28.2,28.3,28.1,27.7,27.8,27.6,27.6,27.5,27.3,27.6,27.8,27.8
26085120,Base Aerea MFS,SS,Valle del Cauca,Cali,Cauca,3,27,26.3,N,76,30,11.6,W,954,74.8,61.2,94.2,139.8,132.9,66.7,47.7,40.3,69.9,119.9,117.9,83.6,1048.8,25.3,25.4,25.4,25,25.2,25.1,25.4,25.8,25.5,24.8,24.6,24.6,25.2
26225040,Piunti Hda,CO,Antioquia,Buritica,Q Tesorero,6,43,46.2,N,75,54,46.7,W,1650,28.6,38.4,70.8,155.8,192.8,138.7,120.1,144.8,182.6,189,130.7,65.4,1457.6,21,21.3,21.3,21,20.6,20.8,20.9,20.7,20.5,20.2,20.3,20.5,20.7
23125130,Landazuri,CO,Santander,Landazuri,Agua Miel,6,13,17,N,73,48,32,W,1085,112.8,163.7,207.9,297.6,352.2,316.3,255.9,250.1,304.1,341,288.7,182.9,3056.3,22.8,22.8,22.8,22.9,23,23,23,23.1,22.8,22.5,22.5,22.6,22.8
16025030,Salazar,CP,Norte de Santander,Salazar,Salazar,7,46,28.5,N,72,49,50,W,860,127.9,123.4,158.9,288.9,257.6,76.5,88.2,144,280.7,444.4,418.6,239.4,2648.4,21.7,22,22.4,22.9,23.3,23.1,23.1,23.5,23.5,23,22.5,21.9,22.7
27045020,Caseri,CO,Antioquia,Caucasia,GUARQUINA,7,48,32.4,N,74,56,1.4,W,400,280.8,287.9,225.4,182.4,271.7,314.9,315.7,294.6,301,244.8,380.4,246.3,3345.8,28,28.3,28.4,28,27.8,27.8,27.9,27.8,27.6,27.6,27.4,27.7,27.8
23025020,Esperanza La,CO,Tolima,Honda,Magdalena,5,15,46,N,74,43,45,W,222,51.2,75.3,117.9,194.8,178.1,71.1,57.3,74.8,140.2,214.1,211.1,112.6,1498.5,27.5,27.8,27.7,27.4,27.4,27.7,28.6,29.1,28.5,27.4,27,27.3,27.7
21255120,Villahermosa,CO,Tolima,Villahermosa,Lagunilla,5,1,36,N,75,7,2,W,2029,161.1,192.2,242.4,286,292.9,137.2,108.1,125.9,232,308.2,270.8,185,2541.7,16.5,16.6,16.8,17.1,17.3,17.1,16.9,17,17,16.7,16.7,16.6,16.9
25025100,Apto Baracoa,CP,Bolivar,Magangue,Bzo de Loba,9,16,55,N,74,50,43,W,18,10.8,17.4,44.4,88.2,142.8,151.2,175.7,162.8,177.8,152,99,47.3,1251.2,28,28.8,29.1,29,28.2,28.1,28.3,28.2,27.6,27.3,27.4,27.7,28.1
21115140,Laureles Los,CO,Huila,Baraya,Villavieja,3,5,38.4,N,74,55,16,W,2100,62.5,73.5,124.9,116.8,145,107.5,85.5,63.8,78.1,135.3,153,91.6,1215.3,16,16,16,16,15.9,15.6,15.3,15.4,15.7,15.8,15.9,15.9,15.8
21065040,Zuluaga,CO,Huila,Garzon,Loro,2,15,9,N,75,31,46,W,1270,89.4,99.6,126.5,148.9,139.8,115.1,95.1,66.6,83,129.6,130,111.9,1335.5,20.6,20.7,20.6,20.6,20.5,20,19.7,19.9,20.2,20.4,20.4,20.4,20.3
26055070,Univ del Valle,CP,Valle del Cauca,Cali,Melendez,3,22,40.8,N,76,32,1.6,W,985,102.7,109.5,149.6,191.3,162.7,89.4,63,51,103,160.7,170.2,130.3,1483.4,24.5,24.7,24.7,24.4,24.4,24.4,24.7,25.1,24.8,24.1,23.8,24.1,24.5
24035150,Belencito,CP,Boyaca,Nobsa,Chicamocha,5,46,43.3,N,72,53,26.7,W,2530,33,37,77.1,115.3,108.3,53.9,50.9,44.4,64.1,102.7,88,44.7,819.3,15.8,16.1,16.2,16,15.7,15.3,14.9,15,15.1,15.4,15.8,15.6,15.6
26195030,Jardin El,CO,Antioquia,Jardin,SAN JUAN,5,35,15.8,N,75,48,2,W,2005,111.4,136.5,222.4,266.5,304.3,244.3,197.5,210.2,283.5,280.2,232.1,156.8,2645.7,17.1,17.4,17.3,17.3,17.2,17.1,17,17,16.8,16.7,16.7,16.9,17.1
52055100,Villa Rosa,CO,Narino,Sapuyes,SAPUYES,1,1,49.8,N,77,38,17.8,W,3000,82.9,88.7,145.4,135,123.8,64.3,41.3,23.6,61.2,113.9,139.8,109.9,1118,11.4,11.6,11.7,11.8,11.8,11.6,10.9,10.6,11.1,11.5,11.5,11.6,11.4
22055030,Sta Helena,CO,Tolima,Purificacion,Saldana,3,59,9.8,N,74,53,55.7,W,300,89.9,118.7,155.4,230.3,210.3,82.1,57,52,141.5,228,193.5,142,1696.5,27.9,27.8,27.7,27.1,27.1,27.3,27.6,28.3,27.9,27,27,27.3,27.5
21115100,Palacio-Vegalarga,CO,Huila,Neiva,Fortalecillas,2,56,33.5,N,75,3,59.7,W,1100,121.9,119.8,188.2,181.5,135.3,65.5,53.5,44.3,63.8,212.8,215.6,158.9,1550.4,22.5,22.6,22.3,22.2,22.3,22.3,22.3,22.8,23,22.5,21.9,22,22.4
32075060,Cooperativa La,CO,Meta,Fuente de Oro,ARIARI,3,22,0,N,73,42,0,W,280,29.1,83.8,150.6,277,372.1,319.3,255.7,191.6,191.7,223.3,180.2,69.7,2344.2,25.8,25.9,25.8,25.4,25.2,24.7,24.6,24.8,25.3,25.4,25.5,25.7,25.4
21125010,Sta Maria,CO,Huila,Santa Maria,Bache,2,56,33.5,N,75,35,1.7,W,1300,87.5,112.5,141.8,180.3,157,91.1,60.8,51,86.7,180.3,187.6,108,1429.3,20.8,20.9,21.1,21.1,21.1,21,20.9,21,21.2,21,20.8,20.8,21
26075010,Palmira Ica,AM,Valle del Cauca,Palmira,Palmira,3,30,48.2,N,76,18,54.1,W,1050,59,74.8,114,159,110.1,59.8,35.2,39.2,82.1,113.2,133.1,88.2,1067.6,23.6,23.9,23.9,23.6,23.6,23.4,23.8,24,23.8,23.3,23.1,23.3,23.6
23205030,Sta Rosa D Simiti,CO,Bolivar,Santa Rosa del Sur,Q Las Mercedes,7,57,55,N,74,3,33,W,650,12.7,24.8,77.9,163.2,234.9,227.6,212.1,240.4,212.9,192.8,124.4,38,1756.2,25.3,25.9,25.8,25.1,24.7,24.9,25,24.9,24.4,24,24.2,24.7,24.9
12025040,Turbo,CO,Antioquia,Turbo,Turbo,8,5,30.5,N,76,42,58.8,W,37,79.8,50,75.6,235.2,290.7,252.5,218.6,265.1,217.6,184,230.6,193.9,2230.6,27.2,27.2,27.3,27.5,27.4,27.5,27.2,27.4,27.4,27.3,27.2,27.1,27.3
26185010,Pelada La,CO,Caldas,Aguadas,ARMA,5,34,43.5,N,75,20,41.2,W,2180,89.3,127.8,165.7,195.7,240,181,164.6,135.5,189.6,212.8,195.8,121.5,2019.4,16.7,17,16.8,16.8,16.8,16.8,17.1,17.1,16.7,16.3,16.1,16.3,16.7
35055010,Japon El,CO,Cundinamarca,Paratebueno,Humea,4,22,37.1,N,73,18,4.7,W,280,51.6,102.5,170.8,450.6,560.1,482.1,446.2,346,338.2,418.6,328,119.4,3753.2,27.3,27.8,27.3,26.1,25.5,24.8,24.4,25.1,25.7,26,26.1,26.6,26.1
26135100,Bohemia La,CO,Risaralda,Pereira,Cauca,4,52,40.6,N,75,52,39.3,W,970,109.3,105.7,176,210.5,247.2,148.4,131,122.2,161.3,184.6,216.7,139.4,1952.3,24.1,24.3,24.2,23.9,23.8,23.9,24.1,24.4,23.9,23.4,23.4,23.7,23.9
21215100,Cajamarca,CO,Tolima,Cajamarca,Bermellon,4,26,29.4,N,75,25,28.5,W,1920,51.8,66.9,101.8,150.2,183.1,135.4,107.7,91.3,128.7,124.2,99.4,73.5,1314.1,18.8,19,18.9,18.8,18.7,18.7,18.6,19,18.9,18.6,18.6,18.7,18.8
44045010,San Jose de Fragua,CO,Caqueta,San Jose del Fragua,Fragua,1,19,30.5,N,75,57,41.4,W,320,177.1,269.5,355,505.1,522,441.2,358.3,308.9,296.1,360.9,365.3,226.5,4169.7,26,25.7,25.3,25,24.9,24.3,24,24.6,25.4,25.5,25.5,25.7,25.2
12015070,Apto Los Cedros,SP,Antioquia,Carepa,Vijagual,7,49,0,N,76,43,4.2,W,19,110.8,99.7,156.1,285.3,379.4,342.7,348,291.2,330,347.7,332.3,250.2,3273.4,27.1,27.1,27.3,27.5,27.5,27.5,27.5,27.5,27.3,27.2,27.1,27.1,27.3
16025020,Risaralda,CO,Norte de Santander,El Zulia,Cno Picho,8,14,0,N,72,32,0,W,90,107.1,97,105.8,200,183.1,88.5,103.6,132.5,188,274.6,280.3,162.4,1863.5,26.7,27,27.2,27.3,28.2,28.3,28.5,28.6,28,27.8,27,26.7,27.6
14015010,Galerazamba,CP,Bolivar,Santa Catalina,Mar Caribe,10,47,41.5,N,75,15,42,W,20,1,0.5,4.4,17,72.5,91.8,87.6,117.5,122.9,208.7,126.1,25.5,875.3,26.5,26.5,26.8,27.3,27.8,27.9,27.8,27.7,27.6,27.5,27.6,27,27.4
15065050,Camp Intercor,CP,La Guajira,Albania,Rancheria,11,7,52.2,N,72,31,53,W,122,14.7,15.7,3.2,95.7,135.4,75.5,53.2,93,158.3,177.7,161.5,54,1004.9,27.1,27.5,28.1,28.5,28.3,28.6,29.1,29,28.2,27.4,27.2,26.7,28
29015020,Carmen de Bolivar,AM,Bolivar,El Carmen de Bolivar,Ay Alferez,9,42,56.7,N,75,6,23.1,W,152,23.6,34.6,60.4,120.2,127.3,109.4,95.2,119.7,146.9,135.6,93.6,39.1,1105.4,27.2,27.8,28.1,28,27.6,27.7,27.8,27.5,26.9,26.5,26.6,26.9,27.4
15015020,Ye La,CO,Magdalena,Cienaga,Cordoba,10,59,32.7,N,74,12,40.1,W,20,0.9,1,3.5,30.1,75.6,88.5,51.1,90,128.2,149.7,61.1,26.5,702.3,28.4,28.9,29.2,29.5,29.1,29,28.9,28.5,28.1,27.7,27.9,27.9,28.6
29045120,Flores Las,CP,Atlantico,Barranquilla,Magdalena,11,2,34,N,74,49,25,W,2,0.8,1.3,1.3,11.7,95.6,72,44.1,86.9,135.7,167.1,98.6,35.1,750.1,26.7,26.6,26.9,27.5,28.2,28.4,28.2,28.3,28.2,28,27.9,27.3,27.7
21095010,Juncal El,CO,Huila,Palermo,Magdalena,2,49,43.7,N,75,19,52.2,W,460,129.4,122.3,180.6,148.9,107.2,33,31.9,17.6,59.2,196.1,227.5,177.6,1400.8,26.9,26.9,26.7,26.6,26.6,26.8,26.9,27.6,27.7,26.9,26.4,26.4,26.9
44035020,Apto G Artunduaga,CO,Caqueta,Florencia,Hacha,1,35,20.6,N,75,33,34.4,W,244,103.7,191.6,294.4,442.2,514.2,494.5,426.2,322.7,312.8,275.7,243.6,136.9,3758.6,26.9,26.6,26.2,25.7,25.5,24.8,24.6,25.2,25.7,26,26.2,26.5,25.8
23125050,Carare,CO,Santander,Puerto Parra,Carare,6,38,58,N,74,3,41,W,168,74.5,99,184.7,293,315.2,242.5,237.7,255.5,359.5,395.3,276.6,155.1,2888.5,28.3,28.7,28.5,28.2,28.1,28.2,28.4,28.3,28.1,27.8,27.9,28.2,28.2
29035170,Sincerin,CP,Bolivar,Arjona,Ay Raicero,10,8,33.3,N,75,16,41.8,W,10,6.4,18,28.9,89.9,152.6,128.1,154.3,161.5,193.9,195.3,129.3,49.2,1181.6,27.4,27.7,28.1,28.2,27.9,28,28.1,27.7,27.4,27.2,27.3,27.3,27.7
23085220,San Carlos,CP,Antioquia,San Carlos,Samana Norte,6,9,27.6,N,75,2,20.1,W,1113,185.7,193,318.6,468.3,454.5,312,298.2,382.9,449,588.5,458.9,284.1,4292.4,22,22.3,22.4,22.6,23,23.1,23,23.1,22.7,22.2,21.8,22,22.5
26105230,Mateguadua,CO,Valle del Cauca,Tulua,Tulua,4,1,43.3,N,76,10,5,W,1025,94.5,93.7,148,160.8,112.3,64.6,47.3,56.9,127.4,163.1,145.1,101,1297.1,22.6,22.8,22.7,22.6,22.5,22.6,22.7,23.1,22.7,22.3,22.2,22.3,22.6
23155040,Centro El,CO,Santander,Barrancabermeja,Magdalena,6,51,34.4,N,73,45,54.3,W,162,82.1,128,179.7,242.5,295.2,205.7,191.5,195.6,290.3,319.8,259.4,122.1,2451.4,27.7,27.9,27.8,27.5,27.5,27.5,27.6,27.6,27.4,27.1,27.1,27.4,27.5
52055070,Ospina Perez,CO,Narino,Consaca,Guaitara,1,16,0,N,77,28,0,W,1700,107.6,107.3,130.8,187.8,142.5,78,50.7,45.2,89,168.8,162.1,147.3,1417.1,19.1,19.4,19.6,19.4,19.3,19.7,20,20.2,19.8,19.1,18.9,19,19.5
16045020,Tarra El,CO,Norte de Santander,El Tarra,Tarra,8,35,19,N,73,4,52,W,180,85.9,84.7,123.4,179.1,181,194.1,211.3,233.5,288.9,314.2,361.4,295.6,2355.1,26.8,27,26.6,27.2,27.5,27.5,27.5,27.5,27.5,27.4,26.8,26.7,27.2
47015070,Pto Umbria,CO,Putumayo,Villagarzon,PUTUMAYO,0,50,20.3,N,76,34,13.6,W,358,236.2,255.6,375.2,482,480.6,442.2,372.4,260.4,308.6,350.8,373.3,332.7,4150.6,25.5,25.4,25,25,24.7,24.2,24,24.5,25,25.3,25.4,25.5,25
35045020,Cabana La Hda,CO,Meta,Cumaral,Guacavia,4,18,1.6,N,73,21,27,W,305,41.1,96,169.9,421.6,490.3,431.3,386.4,295.3,327.1,350.7,292.3,100.9,3365.1,26.7,27,26.6,25.6,25.2,24.6,24.3,24.9,25.4,25.5,25.7,26,25.6
52065020,Barbacoas,CO,Narino,Barbacoas,Telembi,1,40,21.8,N,78,8,6.6,W,60,557.3,524.3,606.9,818.8,853.7,658.1,501.4,394.5,488.4,521.4,411.4,524.3,6860.5,25.9,26.1,26.2,26.2,26.1,26,25.9,25.9,25.8,25.7,25.7,25.7,25.9
24035070,Guican,CO,Boyaca,Guican,NEVADO,6,27,48.5,N,72,24,33.1,W,2963,28,41.9,83.9,119.2,138.8,91.5,82.1,91.9,103.8,135.5,103.2,51.2,1032.7,13.5,13.6,13.7,13.4,13.2,13,12.9,12.9,12.9,12.9,12.9,13.2,13.2
21206180,Primavera D Matima,CO,Cundinamarca,Anolaima,BOGOTA,4,48,19.8,N,74,26,36.5,W,1850,56,70.8,107.9,113,92.2,47.1,34.7,41.5,77.1,120.1,118.6,71.9,913.6,17.5,17.6,17.5,17.6,17.6,17.4,17.2,17.5,17.7,17.5,17.2,17.4,17.5
21195060,Pandi,CO,Cundinamarca,Pandi,Sumapaz,4,11,33.8,N,74,29,14.7,W,950,77.2,93.4,130.2,143.4,132.7,57.5,47.4,44.2,80.4,144.8,159.9,107.7,1218.7,23.9,24.2,24,23.6,23.6,23.6,23.8,24.4,24.3,23.7,23.2,23.4,23.8
46015020,Sta Rosa Caguan,CO,Caqueta,San Vicente del Caguan,Caguan,1,44,7.7,N,74,47,6.2,W,240,55.8,135.9,276.4,337.5,347.9,351,292.5,223,219.8,261,164.3,74.5,2696,26.8,26.7,26.1,25.6,25.3,24.6,24.4,25,25.5,25.9,26,26.4,25.7
21105060,Hidrobetania,CP,Huila,Campoalegre,MAGDALENA,2,42,48.4,N,75,25,29.7,W,500,145.5,142.4,176.5,137.2,128.9,37.5,34.5,22.2,47.8,177.6,254.4,169.7,1440.8,27.4,27.6,26.9,26.8,27.1,27.2,27.3,27.9,28.1,27.2,26.3,26.4,27.2
23105030,Vegachi,CO,Antioquia,Vegachi,Volcan,6,46,26.8,N,74,47,47.7,W,995,27.2,70.2,113.6,240.2,253.9,204,218.8,233.9,280.4,244.2,158.7,67.1,2112.1,22.1,22.5,22.7,22.7,22.7,22.8,22.8,22.9,22.5,22.2,22,22,22.5
52025010,Bolivar,CO,Cauca,Bolivar,Sambingo,1,49,47.8,N,77,0,14.5,W,1510,163.3,136.3,175.5,210.2,134.3,52.1,35.7,29.9,89.4,257.2,276.8,211,1771.9,21.1,21.4,21.5,21.4,21.5,21.8,22.3,22.8,22.3,21.4,20.7,20.8,21.6
47035020,Pto Ospina,CO,Putumayo,Puerto Leguizamo,PUTUMAYO,0,8,3,N,74,51,1,W,190,145.4,168,285.5,307.8,318.4,311.6,296.7,223.4,219.9,197.5,211.2,165.7,2824.4,26.1,26,25.6,25.4,25.2,24.8,24.9,25.1,25.4,25.8,26,25.9,25.5
15065130,Mina La,CP,La Guajira,Hatonuevo,AY TABACO,11,8,15.3,N,72,36,57.4,W,80,10.7,5.4,12.2,70,115.6,51.5,60.4,88.6,148.9,146.4,164.1,64.1,937.9,27.4,27.9,28.7,29.1,29.1,29.5,29.9,29.8,28.7,27.9,27.5,27.1,28.6
27015260,Salada La,AM,Antioquia,Caldas,Medellin,6,2,54.1,N,75,37,28.9,W,1680,111.2,112.6,183.1,269.4,316.6,221.3,175.8,189.1,262.7,313.5,244.2,155.5,2555,18.4,18.6,18.4,18.2,18.3,18.5,18.6,18.7,18.1,18,17.8,18.1,18.3
21085020,Iquira,CO,Huila,Iquira,Iquira,2,39,7.9,N,75,37,45.3,W,1095,191.2,183.6,203.3,213.7,168.3,60.3,43.6,37.6,84,197.5,278.9,256.2,1918.2,23.1,23.2,23.1,23.1,23.1,23.2,23.1,23.6,24,23.5,22.8,23,23.2
25025160,Cuba Hda,CO,Cordoba,Montelibano,San Jorge,8,0,4,N,75,23,58.5,W,50,14.9,32.8,63,173.8,305,326.7,359.5,385.6,335.8,292,180.5,62.3,2531.9,27.3,27.5,27.6,27.5,27.3,27.2,27.1,27.1,27,27,27,27.2,27.2
52045020,Apto Antonio Narin,SP,Narino,Chachagui,Pasto,1,23,38.7,N,77,17,27.1,W,1816,99.4,89.9,128,153.9,122.1,53.9,33.7,20.1,63.4,146.9,161.4,127.7,1200.4,18.7,19,19.1,19.1,19.3,19.6,19.8,20.2,19.8,18.9,18.4,18.4,19.2
11075010,Honda La,CO,Antioquia,Urrao,QDA HONDA,6,21,23,N,76,9,29,W,1850,63.5,74.3,94.8,151.8,182.5,160.4,158.9,134.9,208.5,207.2,184.5,109.2,1698.1,16.6,16.7,16.9,17,17.1,16.9,16.8,16.8,16.6,16.5,16.7,16.5,16.8
13075020,Salado El,CO,Cordoba,Cienaga de Oro,Ay Aguas Prietas,8,54,50,N,75,34,56,W,40,16.4,21.6,27,109.2,188.8,154.7,167.5,191.6,192.6,149.3,107.6,43.7,1369.9,28,28.3,28.4,28.4,28,27.9,27.9,27.8,27.6,27.5,27.8,27.9,28
16035030,Sardinata,CO,Norte de Santander,Sardinata,Riecito,8,4,36,N,72,48,11,W,320,79.3,86.9,125.7,185.8,162.4,59.3,54.8,118.2,189,265.6,234,144.1,1699.2,25,25.6,26.1,26.5,27,27.4,27.5,27.8,27.2,26.5,25.9,25.2,26.5
21205580,Venado Oro Vivero,CO,Bogota DC,Bogota DC,Bogota,4,35,54.1,N,74,3,41.6,W,2725,70.6,74.6,107.3,125.5,129,72.8,70.3,64,59.9,128.6,142.8,89.4,1134.6,12.9,13.1,13.3,13.4,13.2,13,12.5,12.6,12.8,12.9,12.8,12.8,13
34015010,Gaviotas Las,SP,Vichada,Cumaribo,Cno Urimica,4,33,14.2,N,70,55,48.4,W,171,33.7,57.9,123.1,307.3,377.3,420.4,365.8,292.4,277.6,253.1,226.2,101.4,2836.4,27.3,27.8,27.6,26.3,25.6,25,24.6,25.1,25.6,25.9,26.1,26.4,26.1
26175040,Tunez Hda,CO,Antioquia,Fredonia,Cauca,5,48,0.7,N,75,39,3.5,W,530,57.3,76.3,114.2,170,219.7,167.9,142.3,160.4,214.1,243.6,209.7,125.3,1900.8,26.1,27,27,26.4,25.9,25.8,25.9,26.1,25.7,25.2,25.4,25.4,26
44015010,Villagarzon,AM,Putumayo,Villagarzon,Mocoa,1,2,3.3,N,76,37,9.3,W,440,331.5,356.8,381.7,522.3,561.4,574.1,491.9,370.7,351.2,354.1,362.7,369.3,5027.6,24.9,24.8,24.5,24.2,23.9,23.5,23.2,23.7,24.4,24.7,24.6,24.6,24.3
15035020,Termoguajira,CO,La Guajira,Dibulla,CANAS,11,15,9,N,73,24,41,W,5,28.9,17,34.3,87.7,135,100.2,59.6,149.2,227.6,300.2,256.7,90.1,1437.3,26.1,26,26.1,26.6,27,27.5,27.8,27.5,26.8,26.5,26.3,26.3,26.7
24015250,Laja La,CO,Santander,Guadalupe,Suarez,6,14,13.8,N,73,24,55.4,W,1400,119,165.8,219.4,361.4,373.7,273.7,270.6,276.4,324,408.1,342.6,200.3,3335.1,21.4,21.5,21.6,21.5,21.4,21.3,21.2,21.2,21.1,21.1,21.1,21.4,21.3
23055040,Samana,CO,Caldas,Samana,Q Negra,5,25,6,N,74,59,34,W,1475,579.5,489.1,589.6,653,628.9,332.5,263.1,310,530.2,794.7,836.4,810.3,6817.4,19.2,19.3,19.4,19.5,19.5,19.9,20.2,20.4,19.9,19.3,19.1,19.1,19.6
22065040,San Antonio Quinta,CO,Tolima,San Antonio,Tetuan,3,54,24.9,N,75,29,16.9,W,1500,105,146.2,195,254,240.9,136.9,119.2,107.5,180.4,231.9,189.6,130,2036.5,21.2,21.4,21.5,21.4,21.5,21.5,21.6,22,22,21.2,20.9,21,21.4
22045020,Limon El,CO,Tolima,Chaparral,QDA DE IRCO,3,39,6.3,N,75,35,2.9,W,1000,269.6,255.5,298.5,372.1,304.5,118.5,99.9,94.5,175.8,350.5,396.7,336.9,3068.9,23.1,23.3,23.2,23.2,23.4,23.4,23.7,24,24,23.2,22.7,22.9,23.4
24035240,Sierra Nevad Cocuy,CO,Boyaca,Guican,Q Lagunillas,6,24,26,N,72,22,18.2,W,3716,23.4,38.4,64.6,120.7,138.4,98.4,82.5,90,103.8,128.1,99.6,53.7,1031,7.2,6.9,7,6.8,6.7,6.7,6.6,6.6,6.6,6.5,6.6,6.9,6.8
21115070,Portal El,CO,Huila,Tello,Villavieja,3,0,53.8,N,75,4,22.8,W,1300,94.4,106.7,170.8,176.2,142.6,70.6,60.7,41.7,67.6,200.2,214.6,141.4,1487.5,22.2,22.4,22.2,22,22,22.1,22,22.5,22.8,22.1,21.6,21.7,22.1
26025100,Tunia,CO,Cauca,Piendamo,TUNIA,2,40,28,N,76,31,34.5,W,1800,192,221.9,226,242.6,172.6,79.6,61.2,47.7,102.9,221.2,260.3,257.4,2046,19,19,19,19.1,18.9,19.2,19.4,19.7,19.3,18.9,18.6,18.7,19.1
28025090,Centenario Hda,CO,Cesar,Agustin Codazzi,Casacara,9,51,10.8,N,73,16,9.8,W,100,14.3,36.4,72.1,153.3,199.3,144.2,121.3,151.9,198.1,243.5,179.2,60.4,1574.1,27.9,28.5,28.9,28.4,27.9,28,28.2,28,27.4,27.1,27,27.2,27.9
44055010,Tres Esquinas,SP,Caqueta,Solano,ORTEGUAZA,0,44,15,N,75,14,10,W,219,97.8,143.3,201.7,315,317.9,335.2,241.7,221.4,203.8,186.1,150.3,143.9,2485.8,27.1,26.3,25.8,25.5,25.4,24.7,24.6,25,25.6,25.8,26.2,26.6,25.7
26255020,Sta Isabel,CP,Antioquia,Valdivia,Cauca,7,9,26.2,N,75,26,32.2,W,1200,332.8,414.7,410.7,356.2,392.6,408.2,346,405.1,497.1,399.1,466.3,436.9,4865.6,21.2,21.4,21.7,21.8,22,22,21.9,22,21.7,21.5,21.4,21.2,21.6
29045110,Juan de Acosta,CO,Atlantico,Juan de Acosta,Magdalena,10,50,47.5,N,75,2,56.2,W,20,0.9,0.7,1.6,39.4,92.1,125.4,107.6,132.4,167.4,195.5,130.3,34.3,1011.9,27.4,27.5,27.7,28.2,28.2,28.1,28.1,28.2,27.8,27.6,27.6,27.5,27.8
24055030,Zapatoca,CO,Santander,Zapatoca,Q Zapatoca,6,47,34,N,73,16,57.9,W,1810,30.9,38.6,74.5,129,162,109,100,119.4,157.1,175.3,111.4,48.9,1256.1,18.6,18.8,18.9,19,19,18.9,18.8,18.9,18.8,18.4,18.4,18.4,18.7
22055020,Mesa de Pole,CO,Tolima,Ataco,Saldana,3,27,31.2,N,75,32,22.8,W,500,206.9,200.3,247.9,255,215.5,88.1,65.2,67.3,140.1,334.9,314.7,250.8,2367.9,26.1,26.2,26,25.9,26.1,26.2,26.6,27.1,27,26,25.7,25.7,26.2
35025050,Llano Largo,CO,Cundinamarca,Ubaque,QDA IDAZA,4,28,58.2,N,74,1,49,W,2980,33,53,76.4,114.9,168.9,169.4,172,139.5,91.9,97.7,108.2,54.6,1255.9,11.7,11.6,11.6,11.5,11.4,10.8,10.2,10.3,11.1,11.6,11.8,11.8,11.3
24025040,Esc Agr Mogotes,CP,Santander,Mogotes,Mogoticos,6,28,12,N,72,58,8,W,1667,67.1,113.7,155.4,295.6,346,264.6,248.7,295.4,293.5,333.6,222.5,120.5,2748.4,18.8,19.1,19.3,19.2,19.1,18.9,18.6,18.6,18.6,18.6,18.8,18.6,18.8
25025020,Monterrey Forestal,CP,Bolivar,Zambrano,MAGDALENA,9,44,7,N,74,50,6,W,25,13.7,24.2,40,68.9,108.5,108.7,85,110.1,106.7,122.5,73,28.4,888.4,28.5,28.8,29,28.9,28.4,28.4,28.3,28.1,27.9,27.7,27.9,28,28.3
26135110,Veracruz,CO,Risaralda,Pereira,San Eugenio,4,52,4.6,N,75,37,38.6,W,1720,173.7,193.2,246.4,270.3,276,211.5,168.4,171.9,225,325.8,301.7,218.2,2782.2,18.9,19.1,19.1,18.8,18.7,18.7,19,18.9,18.7,18.3,18.4,18.6,18.8
24065010,Brisas Las Hda,CO,Santander,Puerto Wilches,Sogamoso,7,14,46,N,73,47,24,W,138,47.7,77.6,177.4,290.9,389.3,305.7,281.1,313.3,344.6,390.5,254.3,120.8,2993.4,29,29.4,29,28.8,28.7,28.8,28.8,28.9,28.5,28.3,28.3,28.5,28.7
28035030,Apto Alfonso Lopez,SP,Cesar,Valledupar,Guatapuri,10,26,22,N,73,14,58,W,138,7.6,9.2,27.4,76.4,169.9,83.5,67.3,115.6,124.6,202.7,105.3,35.9,1025.4,29.1,29.9,30.2,29.8,28.9,29.1,29.8,29.4,28.2,27.8,27.9,28.4,29
21255080,Salto El,CP,Tolima,Ambalema,Magdalena,4,47,1.5,N,74,46,4.6,W,450,56.2,73.7,97.9,194.5,170.9,59.9,44.8,78.7,160.9,192.2,136.2,83.5,1347.3,29,29.2,29.1,28.2,28.1,28.8,29.9,30.3,29.4,28,27.8,28.4,28.8
35035070,Unillanos,CP,Meta,Villavicencio,GUATIQUIA,4,4,36.2,N,73,34,55.2,W,340,53.6,102,207.7,446.9,488.8,470,379.3,333,314.2,432.8,298.3,100.3,3514.5,26.4,26.6,26.2,25.5,24.9,24.2,24.2,24.6,25.1,25.4,25.3,25.7,25.3
54075020,Bajo Calima,CO,Valle del Cauca,Buenaventura,Calima,3,57,13,N,76,59,24.9,W,50,437.4,341.3,453.4,616.9,727.1,560.3,659.4,705.7,782.5,791.2,729.8,634.6,7439.6,25.7,26,26.1,26.1,26.1,25.8,25.8,25.7,25.5,25.4,25.5,25.6,25.8
52055090,Sindagua,CP,Narino,Tangua,GUAITARA,1,6,27.3,N,77,23,21.7,W,2800,91.3,83.5,91,113.7,94.1,50.9,29.4,22.5,50.8,111.6,137.8,112.4,989,13.1,13.2,13.2,13.3,13.3,13.1,12.9,13.1,13.3,13.3,12.9,13,13.1
23125140,Apto Furatena,CO,Boyaca,Quipama,MINERO,5,31,15,N,74,10,56.7,W,1250,129,208.4,314.8,365.8,338.3,239.6,198.2,191.8,274.9,391.2,283.1,179.1,3008,21.8,21.8,21.7,21.6,21.7,21.7,21.8,22.1,21.9,21.7,21.5,21.7,21.8
26015020,Paletara,CO,Cauca,Purace,Cauca,2,10,0,N,75,27,0,W,2900,72.3,76.8,81.9,112.7,110.1,110.6,146.9,98.8,71.5,95.5,99.9,85.3,1141.8,11.4,11.5,11.4,11.6,11.7,11.2,10.5,10.6,11.3,11.5,11.7,11.5,11.3
24015300,Villa de Leiva,CP,Boyaca,Villa de Leyva,Q Tintales,5,39,21,N,73,32,38.2,W,2215,50.2,71.1,115.3,123,106.7,41.8,39.7,40.2,67.4,148.9,119.2,83,997.2,16.7,17.1,17.2,17.3,17.2,17.1,16.8,16.9,17,16.7,16.7,16.6,16.9
26105160,Apto Farfan,SP,Valle del Cauca,Tulua,Tulua,4,5,25.4,N,76,13,23.2,W,955,80.7,85.9,146.7,156.1,135.3,82.8,61.9,60.3,108.5,156.1,140.6,87.3,1302.1,24.1,24.3,24.3,23.9,23.8,23.7,24.1,24.2,24,23.4,23.1,23.5,23.9
22015020,Relator,CO,Tolima,Rioblanco,BLANCO,3,31,45.3,N,75,37,53.4,W,1200,214.7,194.8,238.8,285.2,226.7,111.7,88.1,80.3,137.2,293.3,257.4,237.8,2353.3,22.5,22.7,22.7,22.9,23,23.1,23.1,23.5,23.6,22.9,22.4,22.3,22.9
13085030,San Bernardo del V,CO,Cordoba,San Bernardo del Viento,Cno Cicara,9,22,14.8,N,75,56,57.5,W,22,81.7,124.1,128.8,118.4,119.1,117.3,98.1,124.2,119.1,66.3,141.6,168.7,1407.5,27.2,27.2,27.3,27.5,27.4,27.4,27.4,27.3,27.1,27.1,27.2,27.2,27.3
26135060,Jazmin El,CO,Risaralda,Santa Rosa de Cabal,San Eugenio,4,55,0,N,75,38,0,W,1600,188.7,173,209.2,292.8,242.9,178.8,157.6,173.7,189.2,297.5,275.9,174.4,2545.1,19.8,20,20.2,19.6,19.4,19.7,20,20.1,19.4,18.7,18.8,19.4,19.6
27015190,Guayabito,CO,Antioquia,Santo Domingo,Rosario,6,32,27,N,75,8,49,W,1700,122.1,167.6,240,401,498,351.3,369,393.3,474.3,455.4,325.7,185.5,3983,21.1,21.4,21.6,21.5,21.6,21.7,21.6,21.7,21.4,21.1,21,21,21.4
27015090,Tulio Ospina,CO,Antioquia,Bello,Medellin,6,19,16,N,75,33,9,W,1438,38.1,53,99.6,161,197.4,139.5,120.9,127.1,174.4,215.6,136.5,79.4,1542.4,21.7,22.2,22.3,22.1,22.1,22.3,22.5,22.5,21.9,21.2,21.3,21.4,22
46035010,Maguare,CO,Caqueta,El Doncello,Guayas,1,38,24.8,N,75,9,45.6,W,270,76.4,144.1,292.2,417.2,370.9,348.3,303.5,210.5,234.8,286.8,213.5,95.4,2942.3,26.8,26.5,25.9,25.4,25.1,24.4,24.2,24.8,25.4,25.6,25.8,26.2,25.5
25025170,Colomboy,CO,Cordoba,Sahagun,Ay Montegrande,8,44,27.1,N,75,29,55.8,W,125,14.2,26.3,50.9,123.9,186.2,175.5,186.4,228.9,188.9,168.4,129.6,45.5,1524.8,27.4,27.6,27.8,27.6,27.2,27.3,27.2,27.2,26.8,26.7,26.9,27.1,27.2
24035250,Chita,CO,Boyaca,Chita,Q Pena Blanca,6,11,18,N,72,27,58.8,W,2888,15,25.1,48.5,109.3,119.6,114.6,160,123.8,93,107.5,97.8,34.6,1048.7,11.6,12,12.4,12.5,12.2,11.6,11.1,11.3,11.5,11.8,11.9,11.7,11.8
11025010,Mansa La,CO,Antioquia,Ciudad Bolivar,Atrato,5,52,42,N,76,5,3.6,W,2100,124.6,139.2,177.3,236.5,290.4,241.1,230.4,219.8,245.7,230,198.4,141.3,2474.8,16.7,16.9,17,17,17.1,17,16.8,16.8,16.6,16.4,16.4,16.6,16.8
16055100,Univ Fco P Santand,CO,Norte de Santander,Ocana,ALGDONAL,8,14,16,N,73,19,20,W,1150,15.5,12.4,50,118.1,141.4,66.8,57.5,81.3,169.6,145.3,117.7,25,1000.5,20.4,20.9,21.5,21.7,22,22,22.1,22.1,21.8,21.5,21.1,20.6,21.5
37035010,Tunebia,CO,Boyaca,Cubara,Cobugon,7,0,22,N,72,6,57,W,370,161.1,199.4,228.4,379.7,575.7,659.8,633.4,651.3,519.5,435.4,332.3,225.4,4926.4,23.9,24.1,24.3,24.5,24.5,23.9,23.7,24.1,24.6,24.9,24.8,24.3,24.3
52025030,Mercaderes,CO,Cauca,Mercaderes,Sambingo,1,45,37.5,N,77,9,31.2,W,1174,101.6,90.8,156.7,180.6,146.5,75.4,39.6,42,94.8,204.2,212.2,159.2,1503.5,22.6,22.8,22.9,22.8,22.7,23,23.5,24,23.6,22.7,22.1,22.2,22.9
25025080,Apto Rafael Barvo,SS,Sucre,Corozal,Corozal,9,20,2,N,75,16,59,W,166,18.1,19.6,35.3,91.6,150.1,137.1,138.7,140.5,139,135,85.9,36.9,1127.9,27.8,28,28.3,28.2,27.7,27.5,27.6,27.6,27,26.8,27,27.4,27.5
21045010,Betulia La,CO,Huila,Agrado,Magdalena,2,16,53.7,N,75,42,18.3,W,780,89,111.5,119.2,97.4,90.2,54.6,45,27.5,44,133.4,137.9,120.2,1063.8,24.5,24.5,24.2,24.1,24.1,23.8,23.7,24.3,24.8,24.8,24.2,24.2,24.3
23195180,Esc Agr Cachira,CO,Norte de Santander,Cachira,Cachira,7,44,7,N,73,3,6,W,1882,26.1,32.4,58.1,105.6,123.1,60,53.5,73.6,140.9,167,109.2,39.7,989.2,16.3,16.8,17.1,17.3,17.5,17.5,17.2,17.2,16.9,16.8,16.7,16.5,17
13085010,Doctrina La,CP,Cordoba,Lorica,Sinu,9,18,6.2,N,75,54,47.8,W,20,11.4,5.8,22.2,79.2,175.8,152.1,174.7,191.5,191.9,189.5,126.9,43.8,1326.9,27.4,27.6,27.8,28.1,27.9,28,28,27.8,27.5,27.3,27.4,27.4,27.7
26145050,Samaria La,CO,Caldas,Viterbo,Risaralda,5,3,0,N,75,53,0,W,1020,77.7,69.8,139.8,222.3,193.3,151.3,129.6,108.3,116.9,205.5,187.3,93.1,1680.2,24.7,24.6,24.7,24.4,24.2,24.5,24.3,24.6,24.4,24.1,24.3,24.7,24.5
23125100,Buenavista,CP,Boyaca,Buenavista,QDA NEGRA,5,30,53.7,N,73,56,35.2,W,2200,85.7,107.1,175.5,207.7,140.3,75.8,62.4,64.8,128.3,220.5,220.4,96.1,1525.5,15.7,15.7,15.8,16,16.2,16.1,16.2,16.2,16.2,16.1,15.8,15.8,16
22015010,Rosales Fca Los,CO,Tolima,Planadas,SIQUILA,3,13,1.8,N,75,47,0.3,W,2040,86,129.4,171,201.5,212.6,169.7,123.7,108.7,144.9,167,191.6,107.6,1770.2,16.2,16.3,16.3,16.3,16.3,16.2,15.8,15.8,16,16.1,16.2,16.2,16.1
26025090,Venta De Cajibio,CO,Cauca,Cajibio,Cajibio,2,35,5.1,N,76,33,42.7,W,1850,250.1,193.6,248.2,243.9,191,92.9,54.1,60,107.8,224.6,304.3,275.6,2246.2,18.3,18.5,18.5,18.5,18.5,18.7,18.9,19.1,18.6,18.1,18.1,18.1,18.5
21135030,Anchique,CP,Tolima,Natagaima,Anchique,3,34,25.8,N,75,6,32.4,W,415,100.1,123.8,152.1,181.9,129.7,38.1,42.3,32.4,76.8,212,242.4,162.3,1493.9,27.7,28.1,27.8,27.4,27.5,28.2,29,30,29.5,27.8,26.7,26.9,28.1
21085040,Terpeya Colombia,CO,Huila,Iquira,YAGUARA,2,39,46.1,N,75,39,56,W,1650,223.2,211.7,255.5,221.2,187.5,89.5,74.4,46.1,99.1,176.5,265.4,228,2077.9,18.7,18.9,18.9,18.9,19,18.8,18.6,19,19.4,19.1,18.5,18.4,18.9
23085160,Corrientes,CO,Antioquia,San Vicente,Rionegro,6,18,42.8,N,75,15,12.7,W,1950,96.2,134.1,171.6,279.7,301.6,270,281.5,281.8,304.4,307.6,228.4,128.5,2785.4,17.2,17.3,17.4,17.6,17.8,17.7,17.4,17.6,17.4,17.3,17.2,17.3,17.4
27015070,A.Olaya Herrera,SP,Antioquia,Medellin,Medellin,6,13,14.2,N,75,35,20.3,W,1490,63.2,81.4,129.1,170.7,213.5,149.4,133.1,139.7,181.8,226.7,158.9,104.8,1752.3,22.4,22.7,22.7,22.4,22.6,22.9,23.1,23.1,22.4,21.8,21.8,21.9,22.5
56015010,Panamericana,CO,Choco,Bahia Solano,Pacifico,6,13,24,N,77,24,16,W,4,273.9,142,192.5,332.5,482.5,454.2,475,571.5,565,770,639.8,472.7,5344.1,26,26.3,26.2,26.1,25.9,25.7,25.8,25.8,25.6,25.6,25.5,25.7,25.8
21245040,Apto Perales,SS,Tolima,Ibague,Opia,4,25,48.4,N,75,8,54.3,W,928,86.5,109.1,138.2,227.1,228.2,110.6,75.9,78.2,149.9,205.6,173.7,108.6,1691.4,23.8,24.2,24,23.7,23.8,24.1,24.5,25.2,24.6,23.5,23.1,23.3,24
31095010,Pto Inirida,AM,Guainia,Inirida,INIRIDA,3,52,3.6,N,67,55,54.1,W,100,90.9,127.4,118.5,293.7,435.6,504.4,509.1,398.9,297.7,224.3,204.6,123,3327.9,27,27.4,27.4,26.7,26.2,25.8,25.6,26,26.5,26.7,26.8,26.9,26.5
35015050,Barbascal,CO,Meta,San Martin,HUMADEA,3,37,50.8,N,73,20,57.4,W,250,29.6,63.5,189.9,341.3,354.9,353.9,281.9,209.4,187.5,264.9,215.3,55.8,2513.2,26.4,26.6,26.1,25.6,25.2,24.6,24.4,24.9,25.5,25.6,25.7,26.1,25.6
26155150,Brisas Las,CP,Caldas,Villamaria,Molinos,4,54,5.3,N,75,21,0,W,4150,85.7,83.3,116.7,178,189.3,112.3,70.7,73.2,114.7,192.2,145.7,86.7,1425.6,4.4,4.6,4.8,5,5.1,4.9,4.5,4.5,4.4,4.4,4.4,4.5,4.6
13095020,Primates,CP,Sucre,Coloso,Ay Chalan,9,31,48.5,N,75,21,4.9,W,200,17.1,11.1,37.2,89,173.7,147.3,131.4,145.6,136.1,153.7,119.9,48.1,1186.7,27,27.4,27.4,27.3,27,27,27,26.9,26.6,26.4,26.4,26.6,26.9
21205980,Providencia Gja,CO,Cundinamarca,Tenjo,Bogota,4,47,32.6,N,74,12,3.3,W,2560,28.5,45.1,74.9,99.9,98.5,70.1,54.2,47.5,65.5,100,80.5,55.4,820.1,13.3,13.7,13.9,14.2,14.2,13.9,13.6,13.6,13.6,13.7,13.8,13.5,13.7
29035040,Nueva Florida,CP,Bolivar,Maria La Baja,Ay El Viento,9,56,26,N,75,21,3,W,13,19.3,28.9,41.6,126,180,186.5,194.1,197.7,186.1,191.8,179.5,74.2,1542.6,26.8,27.3,27.5,27.7,27.7,27.6,27.5,27.3,26.9,26.7,26.8,26.7,27.2
21205670,Florida La,CO,Cundinamarca,Anolaima,Bajamon,4,46,15.2,N,74,26,15.5,W,1915,75,89.7,113.9,152,123.8,54.9,44.2,61.5,103.9,172.6,149.3,90,1230.7,16.9,17,17,16.9,17,16.8,16.7,17.1,17,16.8,16.7,16.7,16.9
26065010,Ing Cauca,CO,Cauca,Miranda,Desbaratado,3,16,10.1,N,76,20,48.7,W,1000,98.2,102.6,143.6,206.6,158.1,101.3,71.6,67.3,123.7,182.1,182.6,113.3,1518,23.6,23.7,23.6,23.4,23.4,23.5,23.6,23.8,23.5,23.2,22.9,23.3,23.5
32075050,Mesetas,CO,Meta,Mesetas,Guejar,3,22,48.2,N,74,2,34.7,W,620,60.4,100.4,170.8,357.5,386.7,402.7,354,297.9,285.5,281.7,208.9,90.5,2932.4,25.3,25.5,25.2,24.5,24.1,23.6,23.2,23.6,24.2,24.5,24.6,24.9,24.4
21195080,Base Aerea Melgar,CO,Tolima,Melgar,SUMAPAZ,4,12,44,N,74,38,12.6,W,319,94.2,108.1,152.9,148.3,178.6,91.8,35.6,35.2,86.8,209.2,170.9,127.5,1383.4,28.2,28.4,27.9,27.6,27.5,27.4,27.9,28.5,28.4,27.9,27.6,27.8,27.9
23205020,Col Cooperativo,CO,Bolivar,San Pablo,Magdalena,7,28,30,N,73,55,32,W,165,26.5,67.5,105.2,244,347.2,283,286.8,360.8,367.4,359.1,223.1,61.7,2730.1,28.7,28.9,28.8,28.2,28.1,28.3,28.4,28.3,27.9,27.6,27.8,28.4,28.3
32035020,Balsora La,CO,Meta,La Macarena,GUAYABERO,2,26,18.2,N,73,55,56.2,W,372,28.9,90.8,187,331,339.3,387.8,320.6,227.6,264,236.4,169.1,67.5,2551.1,26.2,26.4,25.8,25.3,24.7,24.1,23.8,24.3,24.8,25.2,25.6,26.2,25.2
52015020,Fonda La Citec,CO,Cauca,Patia,Patia,2,8,45.8,N,77,2,45.4,W,635,172.1,164.3,197.4,193.6,167.3,68.7,38,39.7,113.4,249.4,263.6,247,1914.5,26,26.2,26.2,25.9,25.9,25.9,26.7,27.6,27.4,26.3,25.6,25.5,26.3
34035010,Tuparro Bocas Tomo,CO,Vichada,Cumaribo,Tomo,5,21,11.3,N,67,51,29.7,W,250,43.8,45.9,81.1,200.4,354.8,456.7,465.3,323.1,222.2,209.7,173.6,76.2,2652.8,28.5,28.8,29,27.9,26.9,26.2,26,26.5,26.9,27.3,27.6,27.9,27.5
21205740,Silos,CO,Cundinamarca,Choconta,Sisga,5,7,3.8,N,73,42,5.1,W,2709,17.6,38.9,58.3,87.8,119.9,129.2,144.3,107.4,70,77.6,61.6,24.6,937.3,12,12.5,12.8,12.8,12.6,11.9,11.4,11.6,11.9,12.4,12.6,12.2,12.2
21145080,Sta Ana,CO,Huila,Colombia,CABRERA,3,35,23.2,N,74,42,10.6,W,1410,63.9,62.9,113.5,111.7,107.3,60.9,60.9,36.7,54.7,133.6,155.7,83.7,1034,20.1,20.3,20.1,19.9,19.8,19.3,19.2,19.7,20,20,19.8,19.9,19.8
21185020,Nataima,AM,Tolima,Espinal,Magdalena,4,11,15.4,N,74,57,34.2,W,431,73.6,97.2,162.1,178.5,201.6,89.4,52,51.9,167.9,175.8,131.3,95.2,1474.7,28.4,28.5,28.4,27.7,27.5,27.7,28.3,29.4,28.9,27.8,27.4,27.6,28.1
23125040,Campo Capote,CO,Santander,Puerto Parra,Q Capote,6,36,58,N,73,55,14,W,180,103,152.3,220.7,335.1,323.5,213.6,164.9,169.1,264.8,343.2,271.7,155.8,2717.5,26.8,26.9,26.8,26.8,26.9,27,27,27,26.7,26.4,26.5,26.6,26.8
26145020,Bellavista,CO,Caldas,Anserma,Guatica,5,16,33.3,N,75,48,0,W,1932,99,96,159.8,238.1,208.8,147.4,134.3,143.5,178.8,221.7,180.3,111.5,1919.2,16.9,17.1,17,17.1,17.2,17.3,17.3,17.3,16.9,16.7,16.6,16.7,17
23065120,Cabrera La,CO,Cundinamarca,Pacho,Negro,5,8,29.6,N,74,8,21.7,W,2000,107.4,116.3,149.3,182.1,140.8,45.6,41.3,49,98.8,214.7,198.5,126.6,1470.5,16.5,16.5,16.7,16.8,17,17,17.1,17.2,16.9,16.6,16.5,16.5,16.8
44135010,Araracuara,CP,Caqueta,Solano,Caqueta,0,36,58.9,S,72,22,54.9,W,150,152,199.1,262.1,395.6,413.6,358.6,332.5,263.3,255.5,261.3,243.3,200,3337,26.1,26.4,26.4,25.9,25.5,25.2,24.9,25.4,25.9,26.1,26,26.3,25.8
15075060,Pto Bolivar,CP,La Guajira,Uribia,MAR CARIBE,12,13,27.5,N,71,59,58.4,W,10,4.8,1.5,2.6,6.9,27.3,8.2,11,29.3,60.2,95.2,53.5,30.3,326.3,27,27,27.4,28.1,29,29.5,29.3,29.5,29.3,28.8,28.3,27.5,28.4
24035340,Apto A Lleras C,CP,Boyaca,Sogamoso,Chicamocha,5,40,37,N,72,58,4.5,W,2500,20.5,28.5,63.4,105.4,99.3,56.5,51.5,45.2,60,100.8,85.9,26.4,743.4,13.9,14.2,14.6,14.8,14.6,14.2,13.9,13.8,13.9,14.2,14.6,14.1,14.2
23085200,A.J M Cordova,SP,Antioquia,Rionegro,Rionegro,6,10,7,N,75,25,33,W,2073,64.6,81.4,134.5,206.7,246.7,178,153.6,167.7,204.2,231.5,190.3,104.2,1963.5,16.7,17.1,17.1,17.3,17.4,17.3,17.3,17.3,17.1,16.5,16.5,16.6,17
36025010,Tame,CO,Arauca,Tame,TAME,6,27,22.3,N,71,44,42.1,W,350,28.3,36.9,69.7,187.2,289.7,303.7,294.4,247.1,211,205.5,110.2,32.3,1903.3,26.3,26.5,26.7,26.2,26,25.5,25.4,25.5,25.7,26,26.1,26.3,26
48015010,A.Vasquez Cobo,SP,Amazonas,Leticia,AMAZONAS,4,11,37.9,S,69,56,27.3,W,84,366.8,354.6,357.9,376.4,301.9,189.8,158.1,157.9,220.8,257.3,317.5,330.1,3389.1,26,26,26.1,26,25.7,25.1,25.1,25.7,26.1,26.3,26.3,26,25.9
12025030,Mellito El,CO,Antioquia,Necocli,Mulatos,8,32,34.6,N,76,40,21.2,W,10,51,65.3,82.2,208.1,205.6,180,185.6,205.5,186.9,181,208,132.7,1886.4,26.6,26.8,27.1,27.4,27.2,27,27,27,26.9,26.9,26.8,26.6,26.9
13075030,Turipana,AM,Cordoba,Cerete,Cno Bugre,8,50,22.3,N,75,48,6.8,W,20,88.1,84.5,98.6,85.2,104.9,139.7,83.9,115.8,125.2,83.6,134.9,143.2,1287.5,27.6,27.9,28.3,28.4,28.1,27.9,28,27.8,27.4,27.3,27.3,27.4,27.8
13075010,Chima,CO,Cordoba,Chima,Ay Aguas Prietas,9,9,2.7,N,75,37,19.5,W,20,16.7,17.5,25,94.4,167.6,166.9,156.6,178.7,174.7,136.1,82.5,40.6,1257.2,27.5,27.6,27.8,27.8,27.6,27.5,27.6,27.5,27.3,27.3,27.3,27.4,27.5
54025020,Apto Condoto,CP,Choco,Condoto,Condoto,5,6,0,N,76,39,0,W,66,618.6,574.6,554.4,619.8,694.2,585.2,601.5,677.8,650.9,650.5,547.8,624.6,7399.9,26,26.1,26.3,26.3,26.5,26.3,26.3,26.1,26.1,25.9,25.7,25.4,26.1
21185080,Valle de San Juan,CO,Tolima,Valle de San Juan,LUISA,4,13,1,N,75,6,16,W,650,77.4,75.1,137.2,194.3,205.9,104.7,56,57.2,120.8,191.4,158.1,105.7,1483.6,25.8,26.4,26.3,26,25.9,25.8,26.4,27.5,27.1,26,25.4,25.3,26.2
32065010,Lejanias,CO,Meta,Lejanias,GUAPE,3,31,46.3,N,74,1,38.5,W,680,60.1,114.6,250.2,463.1,513.8,478.2,409.4,327.5,327,369,292.1,114,3699.9,24.4,24.9,24.2,23.4,23,22.5,22.2,22.9,23.4,23.4,23.4,23.7,23.4
44045030,Mono La,CO,Caqueta,Belen de los Andaquies,Pescado,1,18,12.1,N,75,48,27.8,W,300,144.8,219.6,311.4,409.2,441,399.1,338.8,269.4,252.8,310.9,271.4,160.9,3529.3,26.2,25.8,25.5,25.1,25,24.5,24.2,24.8,25.4,25.6,25.7,25.9,25.3
35195050,Corinto,CO,Boyaca,Pajarito,Cusiana,5,24,26.2,N,72,43,2,W,1550,47.4,66,130.1,267.4,385.9,394,397.2,361.4,352.8,336.1,240.7,74.9,3054,19.1,19.5,19.4,19.1,18.9,18.4,18,18.1,18.5,18.9,19,19.2,18.8
21135040,Media Luna,CO,Tolima,Coyaima,Chenche,3,46,25.5,N,75,7,11.3,W,485,94.2,134.6,149.4,218.2,156.3,67.5,43.6,41.4,110.5,202.8,192.4,149.3,1560.3,28.1,28.3,28.1,27.6,27.6,28.4,29.1,30,29.4,27.8,27.2,27.4,28.3
16015010,Apto Camilo Daza,SP,Norte de Santander,Cucuta,Pamplonita,7,55,49,N,72,30,33,W,250,51.2,42.8,68.3,114.1,85,40.2,39.2,45.9,68.2,137.6,131.7,80.1,904.2,25.8,26.3,26.7,27,27.8,28.1,28,28.5,28.4,27.4,26.5,25.8,27.2
29065030,Prado Sevilla,CO,Magdalena,Zona Bananera,Sevilla,10,45,51,N,74,9,17,W,18,2.4,3.1,9.9,73,177.9,160.2,143.9,181.9,241.1,276.3,143.8,38.5,1451.9,27,27.7,28.3,28.4,27.9,27.5,27.4,27.4,27.1,26.8,26.8,26.9,27.4
21255140,Quinta La,CP,Tolima,Lerida,Lagunilla,4,49,17.8,N,74,55,14.5,W,500,66.1,88.4,112.8,165,205.3,106.6,83.4,100.7,163.9,162.3,139.6,79.5,1399,27.3,27.2,27.3,26.9,26.8,27.2,27.7,28.1,27.4,26.9,26.7,27.1,27.2
12015010,Villarteaga,CO,Antioquia,Mutata,Villarteaga,7,21,0,N,76,29,0,W,132,185.5,138.2,157.3,365.9,629.9,575.3,496,549.6,590.4,680.7,642.8,372.8,5384.4,26,26.2,26.2,26.3,26.4,26.2,25.9,25.9,25.9,25.9,25.7,25.8,26.1
24035010,Cusagui,CO,Boyaca,La Uvita,Chicamocha,6,14,43,N,72,32,43.6,W,2950,35.4,53.7,88.2,145.5,110.8,55.3,55.9,53.7,75,133,113.8,59.2,979.5,12.7,12.6,12.7,12.8,12.8,12.3,11.8,12,12.1,12.3,12.5,12.8,12.4
16055090,Ins Agr Convencion,CP,Norte de Santander,Convencion,QDA BURBURA,8,28,14,N,73,20,38,W,1076,46.8,46.8,64.9,128.3,148.1,106.7,128.3,135.8,178.4,206.9,171.7,98.5,1461.3,20.8,21.3,21.8,22.2,22.6,22.5,22.3,22.7,22.5,22.1,21.6,21,21.9
23145020,Carmen El,CO,Santander,El Carmen de Chucuri,Oponcito,6,41,47,N,73,30,36,W,815,80.1,106.8,149.3,227.8,261.5,216.7,182,220,228.2,273.9,232.5,141.4,2320.2,24.2,24.4,24.3,24.1,24.2,24.3,24.3,24.3,24,23.7,23.6,23.8,24.1
26135160,San Remo,CO,Risaralda,Santa Rosa de Cabal,SAN EUGENIO,4,50,31.1,N,75,34,46.2,W,2000,174.7,165.1,242.5,298.1,278,197.3,140.4,150.3,212.2,309.6,274.5,224,2551.3,17,17.2,17.2,17.2,17.3,17.2,17.3,17.4,17,16.8,16.8,16.9,17.1
23195040,Univ Ind Santander,CP,Santander,Bucaramanga,Tona,7,8,41,N,73,7,20,W,1018,91.2,91.3,137.1,120.6,139.7,90.7,111.7,81.7,117.8,123.9,104.1,66.6,1270,23.1,23.3,23.4,23.3,23.2,23.2,23.1,23.2,23,22.6,22.6,22.8,23.1
32075080,Pto Lleras,CO,Meta,Puerto Lleras,ARIARI,3,16,3.7,N,73,22,23.5,W,245,22.5,78.8,193.7,349.1,411.1,408.4,296.4,247.7,225.1,246.8,199.1,79.1,2756.6,26.6,27,26.7,26.1,25.8,25.2,24.9,25.3,25.7,26,25.9,26.3,25.9
26135070,Cedral El,CO,Risaralda,Pereira,Otun,4,47,0,N,75,32,0,W,2120,206.8,189.8,271.2,291.3,264.3,128.9,98.4,91.9,162.4,368.7,353.5,248,2675,15.3,15.1,15.3,15.3,15.4,15.4,15.3,15.5,15.1,14.6,14.8,15,15.2
16025010,Carmen de Tonchala,CP,Norte de Santander,Cucuta,Q Tonchala,7,50,56,N,72,33,58,W,285,57,57.9,78.5,124.1,99.1,34.3,37.9,48.2,68.5,158.7,137.5,81.3,983.1,25.7,26.3,26.6,27.1,28,28.5,28.4,28.9,28.8,27.8,26.6,25.9,27.4
26195010,Miguel Valencia,CO,Antioquia,Jardin,San Juan,5,32,0,N,75,51,0,W,1570,96.1,101.3,166.4,231,250.9,187.6,172.2,183.5,230.2,237.9,194.9,120.4,2172.4,19,19.5,19.7,19.7,19.5,19.5,19.3,19.3,18.8,18.7,18.8,18.9,19.2
16015020,Iser Pamplona,AM,Norte de Santander,Pamplona,Pamplonita,7,22,23.2,N,72,38,42,W,2340,31.8,36.6,64.4,113.3,106.2,68.9,58.7,68.9,102.7,141.7,95.1,41.6,929.9,13.9,14.4,15,15.6,15.9,15.7,15.4,15.6,15.7,15.4,14.9,14.3,15.1
25025300,Seis El,CO,Magdalena,San Sebastian de Buenavista,Ay Palmar,9,22,57.1,N,74,11,24.5,W,50,15.3,18.6,52.2,127.6,164.5,130.3,102.4,173.8,158.4,172.9,125.9,52.2,1245.1,29,29.6,29.7,29.1,28.7,28.7,28.9,28.9,28.6,28.2,28.3,28.4,28.8
21195120,Ita Valsalice,CP,Cundinamarca,Fusagasuga,SUBIA,4,23,44.8,N,74,23,46.1,W,1460,121.3,109.8,154.9,138.6,148.5,73.8,51.8,43.7,93.8,147.1,157.5,130.3,1332.6,20.6,20.7,20.4,20.3,20.2,20,20.2,20.5,20.6,20.6,20.2,20.3,20.4
26075040,Apto A Bonilla,SP,Valle del Cauca,Palmira,Guachal,3,32,0,N,76,23,8.1,W,961,51.3,56,92,129.3,96.5,55.1,31.7,35.3,70.1,101.8,101.2,67.9,888.2,24,24.2,24.2,23.9,23.9,23.9,24.1,24.3,24.1,23.5,23.4,23.6,23.9
26205020,Rosario El,CP,Antioquia,Venecia,Q Mina,5,56,0,N,75,43,0,W,1600,92.1,105.6,168.6,253.9,345.9,248.6,188.1,237.9,297.9,310.8,259,166.3,2674.7,20.3,20.7,21,20.3,20.1,20.5,20.8,20.6,19.9,19.1,19.4,19.9,20.2
11115040,Musinga,CO,Antioquia,Frontino,Musinga,6,47,13,N,76,11,27,W,1330,72.3,88,107.1,211.6,301.6,274.5,215.5,211.9,224.9,243,223.8,128.4,2302.4,19.9,20,20.2,20.1,20,19.9,19.9,20,19.9,19.8,19.8,19.8,19.9
52045010,Obonuco,AM,Narino,Pasto,Pasto,1,11,53.6,N,77,18,11.1,W,2710,69.1,65.7,81.1,87.1,77.6,44.7,32.8,25,63.9,95.5,101.1,82.9,826.4,12.9,13.1,13.1,13.3,13.3,12.9,12.4,12.5,12.9,13,12.9,12.9,12.9
21155040,Dolores Hda Madron,CO,Tolima,Dolores,Q Los Angeles,3,31,59,N,74,54,20.8,W,1456,124.4,140.4,201,149.6,135.5,64.1,44.8,29.5,70.9,242.6,319.4,235.9,1753.1,21.1,21.3,21.2,21.1,21.1,20.9,20.8,21.5,21.7,21.1,20.6,20.8,21.1
15015110,Alto de Mira,CO,Magdalena,Santa Marta,BURITA,11,5,29.4,N,73,55,56.6,W,1080,81.7,91.1,96.5,225.8,412.5,442.3,377.8,517.4,482.4,457.9,465.7,272.9,3868.4,19.8,19.7,20.4,21,21.6,21.6,21.4,21.5,21.4,21.1,20.8,20.2,20.9
28015070,Urumita,CO,La Guajira,Urumita,Nacho,10,33,35.5,N,73,0,31.6,W,255,4.4,13.1,35,111.3,172.6,123.5,90.2,112.8,147.5,187.3,119.6,47.7,1165,27.4,28,28.5,28.4,27.8,27.9,28.4,28.3,27.5,27,26.9,26.8,27.8
24035170,Tunguavita,AM,Boyaca,Paipa,Salitre,5,44,45.3,N,73,6,58.9,W,2470,25.7,47.7,79.3,131.5,125.8,78.5,58.8,62.5,79.8,132.1,107.4,46.8,976.1,14.7,15.1,15.3,15.3,15,14.5,14.1,14.1,14.2,14.6,14.9,14.6,14.7
23175020,Apto Otu,SS,Antioquia,Remedios,Otu,7,0,42.1,N,74,42,58.6,W,718,60.9,77,121.5,281.1,325.3,280.3,296.5,336.2,361.4,368,265.4,132.7,2906.3,24.8,25,24.9,25,25,25.1,25.1,25.2,24.9,24.8,24.6,24.7,24.9
21206280,Acapulco,CO,Cundinamarca,Bojaca,BOGOTA,4,39,13.8,N,74,19,59,W,2650,43.4,54.8,77.4,111.9,87.8,44.5,38.4,35.1,63.1,105.3,91.3,70.9,778.2,13,13.2,13.2,13.4,13.4,13.1,12.7,12.9,13,13.1,13.1,12.9,13.1
23065110,Yacopi,CO,Cundinamarca,Yacopi,Moras,5,29,3,N,74,21,16.5,W,1347,103.5,155.3,223.5,342.9,326,216.9,162.8,165.6,257.5,342.2,266.7,156.7,2719.4,20.8,21.1,21.1,21.1,21.4,21.6,21.6,21.8,21.4,20.9,20.8,20.8,21.2
21165010,Pst de Monta,CO,Tolima,Prado,PRADO,3,47,15.5,N,74,55,1,W,349,98.5,137.1,209.3,193.5,139.5,61.4,39.4,38.6,116.8,240.5,251.6,207.3,1714.1,28,28,27.8,27.5,27.6,27.8,28.2,29,28.8,28,27.5,27.6,28
22045010,Demostracion Gja,CO,Tolima,Chaparral,Amoya,3,43,20.9,N,75,30,12.5,W,1040,203.2,201.5,245.1,308.4,269.7,113.2,85.7,89.5,169.5,352.5,345.8,280.7,2664.8,24.1,24.2,24.2,24.2,24.3,24.7,24.9,25.3,25,24,23.6,23.7,24.4
51025010,Mira El Gja,AM,Narino,San Andres de Tumaco,Caunapi,1,33,0.7,N,78,41,44.1,W,16,298.4,274.6,260.2,359.4,418.8,288.5,232.2,143.5,174.1,153.2,137.5,206.1,2946.6,25.7,26,26.2,26.2,26,25.4,25.4,25.3,25.2,25.3,25.3,25.4,25.6
